id,first_name,last_name,email,addr,ip_address
1,Meriel,Tolfrey,mtolfrey0@ask.com,1K8irkZWw88fNuQBJaezxLaMRqarmDvPSr,101.154.51.76
2,Bette-ann,Clack,bclack1@usa.gov,1CnUks1LuvC1HpLdADk3uByKpyfLyuR17G,76.204.63.42
3,Garland,Blemen,gblemen2@google.pl,13pUXW9ZBMBAn3Mra4Yexs4pcLiRwHTiSJ,138.51.68.238
4,Nial,Tuison,ntuison3@upenn.edu,1CKGsL6ANVZAKEJqz58RixdheZJN6dnzR2,83.144.94.211
5,Nelle,Bransden,nbransden4@wufoo.com,1MQNb9kQNWAKKQFBnmsNTNkSkMv5CkkYmJ,4.52.192.66
6,Whitney,Keith,wkeith5@wikipedia.org,1MAbzQmqoRuhboqdx9LBK2fGNUHiFiEAFW,206.222.220.224
7,Petey,Naisby,pnaisby6@addthis.com,1HvuKDXwq2FHt3tB5wyq5DMMhh3LhCXq23,34.196.82.112
8,Jacklin,Giametti,jgiametti7@harvard.edu,17zxpZLrhNdVhc6pV7g8sW8FLnjUaHp4Bw,93.172.150.120
9,Kari,Watterson,kwatterson8@who.int,1GAv8HmoWHPED5mBnbAqUPqVfk3T6zWNJL,251.111.107.38
10,Marty,Ivashinnikov,mivashinnikov9@economist.com,13MwtbQKc6CxBjmxci3SnTaKqBrDzGfYdg,101.159.248.58
11,Dona,Twitching,dtwitchinga@goodreads.com,1R7Q3TTY1QvpMFRFXZ15BT6y28c1RwAe4,173.172.254.81
12,Nettle,Bollans,nbollansb@oakley.com,13DsdQqXGtxqBxiBEcHD5UL2Xxw64qX24M,16.160.167.139
13,Arnoldo,Clutterham,aclutterhamc@imdb.com,12iT7tkf24N2atbb4Q3h235siXL5CxujzV,4.151.167.166
14,Dael,Shillingford,dshillingfordd@fotki.com,1DocNK8LuzKnfwHBQNqQvktaBweAfBegUg,195.87.200.217
15,Taffy,Deware,tdewaree@myspace.com,1WWDouSq2qLH3uga4VupaEA43DwHaHt3L,187.51.200.46
16,Kania,Raven,kravenf@psu.edu,1Q399pwLmPj2jJ9FxYF32eJkktEZSM4qXC,157.39.7.62
17,Ugo,Idenden,uidendeng@storify.com,1DnKzz457ewzhFvkwpEscbHHFuftWF8AtZ,133.7.67.87
18,Garey,Whitewood,gwhitewoodh@yolasite.com,1F3JnYbtaA82wfy4qbueZK9UVbRBPBKkTt,143.93.148.7
19,Talyah,Emeney,temeneyi@is.gd,1KDVRUfFJZ9f2wjSpXw3ByVa1ExwduWYv6,85.199.124.40
20,Osgood,Edgson,oedgsonj@youku.com,1QJUxZwRccsg1ofht1ndCXuz2FpPAdEBrX,72.236.239.39
21,Louisa,Bonass,lbonassk@ucsd.edu,12pjw6RZzki482gXJQAwend9HrqL7LNQtK,193.44.106.143
22,Bette,Shurville,bshurvillel@wired.com,15cgx1nWtgzFhG5QsSz23PWGVEnqCS4qFd,220.118.69.27
23,Marten,Cowden,mcowdenm@dailymail.co.uk,1HTLBuXB6rF834TseAyunt2ZMKVqipA7ne,253.82.230.30
24,Francis,Drowsfield,fdrowsfieldn@state.tx.us,19UjuVjQmhDUjivAPqXpzi1igiKVdCc6du,57.64.132.95
25,Garrett,Vedmore,gvedmoreo@hugedomains.com,1HZTpjKshnamfkVNXEQFWnn15nppCdybYF,180.117.114.59
26,Lemmie,La Croce,llacrocep@blogs.com,17p1jXyf3gCCmCyVxTnJ65c1B5VrrcTZ4b,197.42.194.53
27,Cornelia,Barus,cbarusq@etsy.com,12wq4A9BvvZ5k8bSv7V6Pbh8GCawFtviB4,193.214.48.113
28,Colet,Baines,cbainesr@themeforest.net,171AowcTfGcR923kHu2uxMKA4e492iDBhd,192.173.40.30
29,Sherwood,Izsak,sizsaks@cpanel.net,1FXii1eKk9zVWFnmcGEThuaSZCrD1Ncywp,55.172.10.164
30,Eve,Risbridge,erisbridget@joomla.org,14SXLR3kURqVUooV7KjxTbDxPtwWkV6JeN,24.229.163.72
31,Myer,Ainslee,mainsleeu@google.fr,1NgoUbMKU13tZgPBH6Wnwmrnoisfep3Y5K,253.24.236.206
32,Starr,Caldecutt,scaldecuttv@archive.org,1PzMZuDraZGgisfmCC7bLJsEZcz16QDpXw,118.83.143.26
33,Isaac,Knivett,iknivettw@1688.com,16VjdZtLgorD2RqWCsBgiQXyQDN8DWKuRV,18.47.11.80
34,Vere,Matityahu,vmatityahux@yellowbook.com,1KCwBoHSPvgemXoQh8QnjGwTXo4FgGDY8W,123.234.237.156
35,Felicle,Cakebread,fcakebready@cisco.com,1GmSNFQqF9zhoFub6U7mxnYwozDYNiq9VL,0.185.36.249
36,Lemar,Killimister,lkillimisterz@vkontakte.ru,1HAwsWjnPm2ccCbAzsFeXcoJ6cGwt26HnC,66.103.105.39
37,Devlen,Hirtzmann,dhirtzmann10@google.com.br,18JTdX3sQw8qcRUoo8Gy8DDgcEGaSGbAFm,109.172.69.223
38,Killie,Luney,kluney11@ox.ac.uk,17vPcyyZiQAgGvYrjRkv6Qmf6BuYK5xA1u,111.248.37.206
39,Philly,Sawdy,psawdy12@last.fm,1BDhHswdNBQUCWFCBnUm678GNfyUdh3vL2,234.173.106.163
40,Cathrine,Purkis,cpurkis13@mozilla.com,1HXaDnq9fxL9E1nJapBBS9jX8XMGSrscAo,63.28.51.143
41,Ferdy,Furlow,ffurlow14@nytimes.com,1AJpc7AGZQKjKCpME1hHtY2cr2LghU91ob,103.94.211.141
42,Fanny,Flicker,fflicker15@facebook.com,1GezSS5oik9wjQ4vrGKzXX8XyrKhfTA3DN,174.73.170.35
43,Nara,Kimmel,nkimmel16@tiny.cc,1DB9jCNgsK4bFxyAoREZJE2Qd6CFEttZs6,147.149.5.255
44,Oona,Burgoin,oburgoin17@devhub.com,1EYr6nqtGRCcUu5ZsJUj43NYePnDvqNLh1,23.29.49.196
45,Hussein,Endean,hendean18@hugedomains.com,1FBeM2HYe9rKuDza9ThR1TyqR2j22QuxnW,139.91.69.207
46,Griffie,Siviter,gsiviter19@bbb.org,194AHRhJkCFyWjPL9tgo1cp38aQoFSSifP,191.158.111.138
47,Sandra,Crenage,screnage1a@unc.edu,1PJQgj3JqT8PS6i4z3AhB763hFMiWuh7D5,97.89.172.153
48,Hermine,Nightingale,hnightingale1b@bloglines.com,1KBFgyaYTHcfG8nVfs51Ly9vFr2hkzdpy,132.253.15.114
49,Dixie,Carruthers,dcarruthers1c@walmart.com,1QuGuLEV14GqwDKzrQ9z3zQ8uCUs6zi65,0.57.189.122
50,Job,Mewett,jmewett1d@wikispaces.com,1Q87nwttsWMgF8t15jCeED4sQXRqP49rRN,211.158.44.29
51,Travis,Barclay,tbarclay1e@a8.net,17UkCHxMGqRryv1Ktr51DbLSH2ZSWZyceA,151.56.88.48
52,Clyve,Crosen,ccrosen1f@pagesperso-orange.fr,13DTvFHBQqQwZQ2qQdAWfDfstdbQXD1vc9,247.54.122.185
53,Fidelio,Shambrooke,fshambrooke1g@booking.com,17sMziZYvqkXsiGRuvGtHKaLmCbgtMVCoQ,49.141.5.111
54,Gwendolen,Kingscote,gkingscote1h@i2i.jp,1gpZbDN1xmc3pd4uBes8SYAFtiE9Azu8R,250.215.69.204
55,Darn,Verne,dverne1i@sfgate.com,112imJcukiXgtzh3Mf5tzstXSt2RwmD79i,93.176.94.160
56,Sutherlan,Sandifer,ssandifer1j@disqus.com,1PhEia3sikrCTrH7sMWk3qQkfrE54YShqC,161.81.33.191
57,Rosmunda,Berick,rberick1k@rediff.com,1AZEZXQCU7fb43EoZy3TYhHNY77KKFaEbJ,241.49.46.6
58,Katherine,Union,kunion1l@wordpress.org,14HWiVR7kFJiLEkwxGu1EJjMW3JcHmWvyK,49.116.167.216
59,Judith,Greenless,jgreenless1m@soup.io,186Hp4FAdX6fL8Jd35r32Y7PjghZfbuvTN,94.196.208.136
60,Nathanil,Folbigg,nfolbigg1n@comsenz.com,1MmCZxSjdxztMsS2FN4ogb2fzKduWfNLbA,237.9.18.172
61,Duff,Goodie,dgoodie1o@booking.com,1GGfeAngc2fVT9VsP7hubcTTmqtgixabQM,117.13.207.224
62,Lucille,O'Doran,lodoran1p@un.org,1EAd1VnhBY2gt1va61fdYiGgbRdkPgbVVv,60.66.34.254
63,Mathe,Cowmeadow,mcowmeadow1q@mail.ru,1LKDpRfB4zLvXhnVZQaoDVp7rFU5JxMjJ4,10.33.61.200
64,Tilda,Castro,tcastro1r@illinois.edu,1JAkbqTTtSXoUNXoG3kmQjGwb8bx3PagcA,177.93.234.171
65,Odetta,Bown,obown1s@umich.edu,12VGvLCwWX9HWrAqQQwqCBcBb9yobRJQWQ,224.195.71.228
66,Torey,De Gogay,tdegogay1t@hubpages.com,1JA3t14VkZLxVevaRzPUBdHxpVARhn7J7t,96.212.105.122
67,Jerald,Reville,jreville1u@soup.io,184w72KUjyBwJYUDJeJQSB228xgqswEWgr,146.154.66.1
68,Tarrance,Duester,tduester1v@blogspot.com,114pGVFzHj98ntMfupnuGE1hDtLZ8guGJg,21.95.153.179
69,Roth,Barlow,rbarlow1w@hatena.ne.jp,1DQDiH6RCMHhnQb6PiKfqYEdAyFPRaMP1N,42.49.156.130
70,Tabbie,Thirwell,tthirwell1x@microsoft.com,12KFpKSwyWWi5yMPtWA9tFN8Wj96QytWAb,0.62.233.37
71,Letta,Sapena,lsapena1y@livejournal.com,18LWDBaZv2B2jbwWHurfajC8KdiCxYQf8w,253.189.41.11
72,Sukey,Kirstein,skirstein1z@twitter.com,18eNrqvXJahZrL1gzGWYGLgC7LZ7SZvMFY,121.44.186.179
73,Halley,Plitz,hplitz20@bbb.org,1ESQnDHT4YJMDeUdqKsSsUYkxsxjTJLxYs,63.127.169.176
74,Dian,Rangeley,drangeley21@toplist.cz,14pYCTBZFW44LYnkfuoZenRahg3wDCVrJa,35.34.112.84
75,Gwennie,Colthurst,gcolthurst22@php.net,179W8h3Vg26hHUWs6MHrer57PAr2jGPmV,159.83.65.126
76,Marten,Poulney,mpoulney23@jalbum.net,13SgZkrpQ3hizZ77krsNCMnh3NLRZThgyP,45.157.118.73
77,Appolonia,Christopher,achristopher24@businessweek.com,16PKjcJ7wovFYRZCURF8YPTkM9GNwrsXFg,173.134.21.5
78,Diane-marie,Eiler,deiler25@godaddy.com,1GuzrVXy2stef4KMm8mwCyiE36kUxvKqEV,95.250.41.21
79,Simon,Temlett,stemlett26@blinklist.com,1P2HcWU8rszPWUYLt3VbAj8m2Z2ECXSb4Z,100.80.174.34
80,Mia,Noe,mnoe27@europa.eu,1GpZCVgufNMR5YtuQZKwGXbo4BeXkpvb6u,126.156.211.179
81,Nichols,Peasby,npeasby28@fotki.com,1NcjbSzngGcp7wU2vMkkr79xGCXTbGnYkd,46.124.13.189
82,Joyce,Dalmon,jdalmon29@hugedomains.com,1GtENZpDx3BvJPNox3xMXtHDCxGxjEmkWX,121.100.34.24
83,Haywood,Launder,hlaunder2a@tripadvisor.com,146L3ah96CQrZzUuFRwidP6KnyKrresmwT,134.241.1.126
84,Orelie,Shepcutt,oshepcutt2b@clickbank.net,18ySVKSMJS595Ezi4Xv83LokrS6XppLpaa,14.118.195.71
85,Dawna,Gidney,dgidney2c@google.it,15zF5mmu5AqTrpNbPQUejh35NhHYNxpJAk,55.188.84.29
86,Katrinka,Dono,kdono2d@dot.gov,1JUvLNc97iVu3qbF7i6JUxgJ1xRj2D9ApT,66.140.166.220
87,Sylvan,Hudson,shudson2e@msn.com,1Jru3HWUmquT7UTFdR7nn6pRNv8yma1jBK,255.23.161.247
88,Yuma,Pirri,ypirri2f@friendfeed.com,12Ak1B2vyEhweA3sXG2DRbDVPARfufCyn4,210.191.198.6
89,Raddy,Bidgood,rbidgood2g@chronoengine.com,16hxGKsUBQq6kT3RM9T7s4mP2j5pbunA7y,111.195.158.241
90,Sibyl,Danelet,sdanelet2h@nsw.gov.au,1MvwEb8hHwrE38t5bGbpE2HCNh1BZRuapR,44.84.143.215
91,Ted,Witherspoon,twitherspoon2i@blogtalkradio.com,12LqfKPLRBmgHfDtz7k2uMYEetjEqzgB79,157.170.170.65
92,Augustin,Kitchin,akitchin2j@ucla.edu,15DuUk1PwFt5fpMKkycc553usfwWZBv35b,205.27.182.124
93,Sloane,Murdy,smurdy2k@nydailynews.com,12FLabQRxHcsvFXteHo3QgdbDB1wA5xqqv,32.97.162.19
94,Alwyn,Losel,alosel2l@printfriendly.com,1KtW4XujYUWQYvTBm9eCDoxdUxvyQKZdV8,118.100.137.176
95,Yancey,Barth,ybarth2m@edublogs.org,14bixnYGiFHxdJAX9UoVahDrCEcr6HFg7q,144.139.231.79
96,Ricki,Dressell,rdressell2n@icq.com,16HQELCmHxQaeLWdiceqibkQXGjUxovBPJ,195.185.36.233
97,Hall,Barnwell,hbarnwell2o@csmonitor.com,1Q1LCZJkgbXguQWYVxN1QbSzqdqbb3xjda,206.226.228.220
98,Raynor,Dinan,rdinan2p@ucsd.edu,1BRGwroRuaGchJEFcxkRPLMjDTRPzSL5oA,92.3.117.57
99,Sorcha,Deniset,sdeniset2q@pagesperso-orange.fr,14h1AHNhjfY9nSYAhMqhFSmLaQXbA6gBrq,136.167.133.84
100,Sena,Tuma,stuma2r@nps.gov,12yaMYi44kQN5U5S3wcCfxqAQd5kmGRbSF,26.37.99.226
101,Mercie,Coolson,mcoolson2s@digg.com,1AxVfvhMtJPGYkXmq7CajQMp6JgLPm4AV4,56.236.22.239
102,Victoir,Lynagh,vlynagh2t@dropbox.com,1CAjsLYgv4iaNWm3zhnioxrFK7CPJeoyB8,168.169.12.186
103,Yolanda,Pedrocco,ypedrocco2u@t.co,12yBFBxZczD6s4cM817fTiZJqCt5ttkdq6,225.248.132.36
104,Rosaleen,Sims,rsims2v@usgs.gov,16pf2ZzRgY1TP4mVGyXrDrq9tejyUndDyv,105.223.138.166
105,Richart,Beaulieu,rbeaulieu2w@statcounter.com,1GECStPECQ41uMSkNQSdFhetUxEf8AVi7n,178.35.17.247
106,Kiersten,Skentelbery,kskentelbery2x@boston.com,17Bah1EMiWeyGFPg6YZkp7QfxCH9VYXvSo,64.73.177.191
107,Nannie,Battram,nbattram2y@webeden.co.uk,16sj9wuYwuWvjkg9LVisx7GHVLj7YLeYUj,173.177.177.70
108,Carter,Elstob,celstob2z@intel.com,1MAb1Vird5aKzvW3wAwvLm9opXbHD8msqL,208.238.145.14
109,Dee,Blackadder,dblackadder30@examiner.com,1KMwCkbh8o7v98s3siExgV1M5sU5DXrDTa,250.191.40.164
110,Siward,Arnal,sarnal31@java.com,1M3jNMomeaqzfgp3CFs9gVGDPQWsMLrtAP,215.1.27.185
111,Farand,Settle,fsettle32@un.org,1BkdoWDxSkPxaC4k6UymRsqi9JR9pfZwLv,225.92.179.70
112,Terese,Barles,tbarles33@salon.com,156NpyNgkg2G79yFh1tTL8Y7nDx3gAmAmV,70.64.137.228
113,Siana,Bristoe,sbristoe34@lulu.com,1L9xiSqehX6WJWbGyFkM75zje6gV3oRqXr,240.209.91.182
114,Shalna,Keighly,skeighly35@woothemes.com,13y8vzEE4f4QC4SC3YpA7zkEyCeBQ8rNGg,254.223.54.5
115,Lawry,Allone,lallone36@google.com,1L2tzXoMLPZYhQCbhZURsJMFxqF7tnYZSi,8.127.110.127
116,Gilemette,Bittany,gbittany37@apple.com,13tzSweBJP7zpWce9JvjncNjNyuhBrP5BX,69.107.64.91
117,Heinrik,Kassman,hkassman38@elpais.com,18Z1MDfWxXcRuwSHK739ik9yVkbfYf86H8,121.90.109.171
118,Tamma,Kidby,tkidby39@alibaba.com,19fXEMWSXk68XmtbCLbZp5D6vdVvrfRSSR,198.226.7.248
119,Carley,Gaitone,cgaitone3a@networkadvertising.org,13y1CenJGmfGRfz9vNxd2TaAp9jJgkQWbV,206.123.202.239
120,Ruy,Worthington,rworthington3b@goodreads.com,1DCp6gpBgFu5t9XtHkiKh3dGpEJVysPsUe,175.180.252.156
121,Kelsy,Hensmans,khensmans3c@ed.gov,1CnJkh34aacbQeK3y8ecxio7vmWSUKRrZ6,148.76.18.189
122,Charmane,Cheves,ccheves3d@samsung.com,1GS1v6S5wkLRsyuzGKD6kvmhNfHgaDPC7F,186.238.39.64
123,Nicholas,Normand,nnormand3e@fotki.com,1Hinvk8CcGdX5i3KupxTC9Jvx8SSjnvHBd,180.14.245.44
124,Dorine,Gennings,dgennings3f@tripod.com,17ZyXroC5gfojbid45pAz3zcuJFBktVXvR,238.176.171.30
125,Fin,Leuren,fleuren3g@ameblo.jp,1JcHeQZc1JGsKFVaCE4XfcLS95qiv7AYRK,124.35.103.242
126,Cinderella,Blazevic,cblazevic3h@delicious.com,1LsdMRdtzrcCKhaPrijgk8oDhu5K8yssdC,220.99.34.11
127,Curt,Lardez,clardez3i@ycombinator.com,12hprNaMHv42JLZymofPZgmuS3Rs3PjzNL,94.145.8.97
128,Steffie,Tackle,stackle3j@unc.edu,15yVDquPvfa89DNEh6GJgkURRJvc82eYNS,206.240.114.174
129,Carilyn,Matanin,cmatanin3k@salon.com,1EYrpp257TySc8Yshiz8BKSVTx6P1GX8Cy,253.202.93.49
130,Philipa,Batterson,pbatterson3l@networksolutions.com,165UhAEXtxMC1YXkQPoVHzvQG6V5A9nFxh,148.148.221.209
131,Nat,Barkes,nbarkes3m@nature.com,18aRL1wNEgaK2fMDaxNYjZjUfvyccrNK64,241.69.193.110
132,Verna,Norledge,vnorledge3n@people.com.cn,14DTwCvrYcovs9ABD2jWWpHfPzuVY1Jidw,126.109.32.116
133,Rycca,Pagett,rpagett3o@psu.edu,1FNpnqjGd2syESnu5mjb7oivSGH8GBQbe9,203.115.191.245
134,Betteann,Splevins,bsplevins3p@histats.com,1PUUm7EP3Bq79JxxteXP92LsC91TNJvt5,118.195.194.40
135,Alikee,Charlson,acharlson3q@bizjournals.com,1GFbx7vVYebTyidgxzKZ9L8DDNM97mQ46d,234.105.80.159
136,Sande,Fuge,sfuge3r@yellowpages.com,1EU2kTVxvExwSLC1C51Rp7dDAtiN3JeNx6,173.89.141.51
137,Merle,Puckring,mpuckring3s@mashable.com,15tCusASa2h6pzHsfAgYM85D2SaBgZkDLr,29.232.224.73
138,Ike,Cleghorn,icleghorn3t@hhs.gov,1A9rtmxUPiuc3nmBbBReL5P3XVqQpLwsd5,111.90.38.20
139,Damian,Papa,dpapa3u@ca.gov,1NPFk68fuJefY8PtAoKgcUKGe1pz2xex1B,134.74.32.89
140,Alexi,Joplin,ajoplin3v@xrea.com,17MR1XbdBK2spZV6dXpoUFyySzrmWVWS1v,129.155.127.26
141,Alexandros,Ben,aben3w@woothemes.com,16gBry7g56RrxoutQFMvMgTb8EMQ3dVaE7,147.52.77.233
142,Martica,Quinlan,mquinlan3x@soundcloud.com,1D9Ww6of9xX7gMbcnarR27fes2pLSaLf1f,224.210.245.248
143,Corina,Fernie,cfernie3y@bing.com,17tT5AHu3A18157b7oJxTNCHXoJcsU9LDz,137.138.109.123
144,Giuditta,Crossdale,gcrossdale3z@i2i.jp,15RvREQ9xK1kZK1fNzGH3Yk414WYd5XKcm,17.164.173.3
145,Nadeen,Rummer,nrummer40@toplist.cz,1ANppDNc3QMEpyTW6SL2PpRvUjYtGQS4Wp,255.11.98.141
146,Thea,Paddell,tpaddell41@mediafire.com,17bBUpwcFMgmj4gmWR7Z1xcXJNNQ2zXE6Q,39.12.109.203
147,Joya,Hrycek,jhrycek42@reference.com,197jAmNPKyf63Aj43xuY8dsFKegrmNAYmE,207.33.196.244
148,Omar,Nutbean,onutbean43@furl.net,1HQygS1hu4gPaAUpcyYYUdpJ8hWKzL1djS,34.244.97.2
149,Fenelia,Pingstone,fpingstone44@feedburner.com,17uRwf9o5DS83dDePYbmXXbLcLqZ9TRdLH,141.214.243.225
150,Paulie,Gooms,pgooms45@si.edu,1E24ybVTjwxpv4cUSJ6Sma4W5gL2cR5BCu,193.200.208.252
151,Kacey,Hosier,khosier46@go.com,13s41w4cbG3oRb1p2jWXVcC4GGjDAHsKZN,155.99.90.119
152,Hattie,Petrushanko,hpetrushanko47@wsj.com,1McDxbKDwfMDoaBAU1APYpPYgeqCMY4BzQ,202.134.50.86
153,Ignacius,Dobbison,idobbison48@shop-pro.jp,14rp3hzSde33sJyokCiMHwfZabxsWcEczz,125.42.203.232
154,Lorita,Impson,limpson49@arstechnica.com,13qJDF7g2sQwWzsSQ7mfFAEjf1UHqeHbkG,159.43.117.189
155,Wyatt,Izakovitz,wizakovitz4a@redcross.org,1KovBwpMh8hcGApiRuW7U8sk31E9Jep9LZ,235.205.251.239
156,Cloe,Wigfield,cwigfield4b@altervista.org,1KifNzRwz5qSmzmRb7LhAgjD6DWjWYpjrC,205.181.229.56
157,Burgess,Saing,bsaing4c@tinyurl.com,14tZA9r2hWZ15Sx5gjEfTjov1WvQnUxFje,172.60.70.77
158,Ysabel,Napleton,ynapleton4d@google.pl,14bxu9YcSckvtTUX8EkvqCTSmJFjSo1Y4q,36.242.154.224
159,Roger,McCane,rmccane4e@artisteer.com,164pqS6AfFEbWefJYxRx18w7ua8Fgunuy2,194.7.212.230
160,Maribelle,Nolin,mnolin4f@issuu.com,16YqTXWYrzV7GbT1u4KK6ThzVWKCGTXrXj,50.131.105.89
161,Jonathan,Wickrath,jwickrath4g@360.cn,1MV7ZwVsisurW4DLtDDmELpqXtRo3cVvXx,18.207.8.68
162,Amble,Baldock,abaldock4h@reference.com,15RFGFyDSHQbTamy94tGd7aBWh1GGYHutS,245.35.178.154
163,Trueman,Hylton,thylton4i@mapquest.com,1FsDhgsqwvDHHLBKxyKobP38vEVbUf6XsU,208.81.243.114
164,Jordana,Collihole,jcollihole4j@theglobeandmail.com,1PspmsS4JXptZpVJ1B9TDxouvsB1vL1Rh,211.173.123.255
165,Krissie,Duffyn,kduffyn4k@last.fm,1MCuLydH6PCvkCKXZUVMC8Z328wxzx1GSU,68.88.171.215
166,Tedd,Kleszinski,tkleszinski4l@yahoo.com,1Ge5HtaK3PrZtSzkC5qcatUWNSpDyykpcm,62.237.230.106
167,Marianna,Eronie,meronie4m@phoca.cz,13noBSzZ21ge6wBYYyLAHBQjyopsFBWmgH,37.27.74.104
168,Ivie,Prydden,iprydden4n@exblog.jp,17d4k4qe4w8oyBMe8XYRdRwPjVYKSs8Yt,80.32.26.197
169,Chicky,McGougan,cmcgougan4o@bigcartel.com,19Z9AA7ds3N74CQYVjCTcTpVkmn84h2K6v,48.251.179.170
170,Massimo,Sterland,msterland4p@tmall.com,1JoFDxNapGVcekjRDo2KLXQZPw6ka733r2,222.182.123.7
171,Bobinette,Rosenstiel,brosenstiel4q@admin.ch,17x7h62d1JroZK8k7NsMwpsQw9gArVrBTz,246.64.73.114
172,Lancelot,Cirlos,lcirlos4r@marketwatch.com,1BCHgomUSn4gxsNZLWkoemXnQme5yQQHfB,135.129.214.200
173,Tawnya,Enderwick,tenderwick4s@thetimes.co.uk,1DoYXxdnVkjhKXrciaJM2CEpKeNL1NJe21,96.83.90.208
174,Lainey,Coite,lcoite4t@cnet.com,1Jq21mc3KzaXAbVcu3LkCXdeAeAjCLyiCQ,214.134.109.139
175,Avrit,Mucklestone,amucklestone4u@comcast.net,12JernLbERs8rUhsxvonNHN5c6Xvi8NorT,198.195.184.67
176,Arnoldo,Curm,acurm4v@psu.edu,1P4yKs127TfESshz4CJfBt6bQtsqrb24L3,124.191.249.222
177,Meredith,Malek,mmalek4w@ucsd.edu,1Py5VWb33T8oStJAcpNF5Xpn4w88DxJZVF,33.23.209.42
178,Keene,Turvey,kturvey4x@netvibes.com,15KXctG26VUJGEXmXs63w4H7qcZpkM5HK3,32.19.18.199
179,Darbie,Giurio,dgiurio4y@state.gov,15srfmcT1Af1aD2FbXu9mDU8YmY48Eb35m,212.4.46.93
180,Galvin,Conen,gconen4z@unblog.fr,17vo5ntPaupdTgQQBoK6ZMjKaCjcnB6EY4,91.221.244.126
181,Ariela,Danser,adanser50@statcounter.com,1Gutu8xpUEv2QZovr63ZderEiMmiqTCss,159.202.89.214
182,Vladimir,Edmott,vedmott51@ft.com,1Cipje82xWJ37Q9Q2vYLKt6Ds8eTe9L1BB,100.238.45.34
183,Francesco,Halling,fhalling52@amazon.co.jp,1npNm3AfbXAwoYp55DqbGCmUPmfysUEyy,108.244.12.108
184,Rees,Alanbrooke,ralanbrooke53@icio.us,1E3z4BHdsrp3PZwg31CB4Fqtv1c3q2wiGQ,206.13.5.199
185,Fielding,Bilney,fbilney54@tuttocitta.it,1DDT7MS9oFcA5kFoCUdudCthR21Fe5U689,61.164.71.75
186,Lavena,Eyckelberg,leyckelberg55@stumbleupon.com,1HMnfZ4GruNY53PpxaYuGSGrCykdvt3KHV,240.231.201.220
187,Ardyce,Kristoffersson,akristoffersson56@who.int,12jMuLYri3f4MCYpAwFLRNnabjPAikmYiJ,89.198.221.96
188,Christen,Hearle,chearle57@sina.com.cn,1FUqCJGuj68zAXHTt9AmUUWYCJevYamHH2,153.67.131.237
189,Daron,Mordey,dmordey58@imgur.com,18yefdUeWv4D5VnmQCjTbWhUSgaWEnpzVQ,48.88.38.64
190,Shelli,Howorth,showorth59@weebly.com,1qZai8r52FhxFkEuoR5Bjhh384WH4QWDr,166.204.248.43
191,Walden,Doneld,wdoneld5a@earthlink.net,1FNDAiWyygAJ3Yv18BZXimAdBT2YdvZHjo,143.93.68.113
192,Tracie,Delia,tdelia5b@weebly.com,12SqxSfT4HoU3ztn7bTufbcVReFuYqRMUc,37.108.174.74
193,Jemmie,Jurczik,jjurczik5c@jugem.jp,1FcmuZcnbdKC4hGyqCZojKNZxJZCnBzWDG,102.236.87.220
194,Zachary,Gommowe,zgommowe5d@blogspot.com,1EWCec75rnyj8Z4NAXcV7E9SGoowrj3How,13.168.209.168
195,Emmalyn,Templar,etemplar5e@zimbio.com,1MYxnhE8rrdZ8qxrhZw3RaiuNX5nKe566J,207.118.157.210
196,Ulrick,Letixier,uletixier5f@economist.com,1AwBYznExQQdKVfCDqApHqU3TDtA5aZR9y,99.229.255.190
197,Appolonia,Aldwick,aaldwick5g@google.com.au,1LYeXVLi3SpQ2LA5x5rHHXYWYxaMKyywBT,2.10.140.204
198,Derry,Pendre,dpendre5h@upenn.edu,1GbucgkM2c3GLLGXhd2VAkZPGi2EitGkBP,213.234.222.176
199,Tiffanie,McArthur,tmcarthur5i@google.co.uk,16DJ6JSVctP6zcRfnyCpcGTJvxyEj8mqYT,57.177.104.227
200,Goldi,Dempster,gdempster5j@cam.ac.uk,15Jjw32xVrs2jFKh8K5jXyfA3Qf7oo36wG,147.66.127.72
201,Nicola,Sayse,nsayse5k@ow.ly,1Copk4whQJTsVN17jfbyNdS7SgV9LT9HCj,208.39.235.33
202,Cristabel,Bendelow,cbendelow5l@shop-pro.jp,1CkUSaNHDs2hmjoavnsHinPxKSnrzAcaQi,16.178.133.198
203,Marisa,Prigmore,mprigmore5m@state.tx.us,1AeTYnp75WjHNn3dHmSwAzhgvJe9zgPC9u,97.11.216.128
204,Carley,Ivison,civison5n@ft.com,1MvvjQEr2jWAES32CEvqXxko2EFthwNQY1,165.206.154.28
205,Dagmar,Comford,dcomford5o@unc.edu,1Bs2UfCZnf82MLn7ifaeUPsjjaCe71T8z8,10.24.197.161
206,Laureen,Matresse,lmatresse5p@mail.ru,17agNJ3sXj2NKQqmDNgC8fptiHH71y9Pmm,227.102.201.193
207,Malanie,Maffei,mmaffei5q@blogtalkradio.com,13c4vT1dhmiRfQXdWfpGqDZYSSygfVQmJy,182.120.185.121
208,Annie,Mason,amason5r@is.gd,18kvNqStKBXkbUTsy6gLBtmVJ6Wi2w3YfS,22.211.101.255
209,Julianne,Vanne,jvanne5s@tinyurl.com,13x51UhmoWoSNHrpMmfAV3HG5PQpAgr1pr,180.185.16.123
210,Rowe,McRobert,rmcrobert5t@washington.edu,1BddFxosGagNYSH4rQfEwYoz64fN4Lj3EA,19.182.26.7
211,Sydelle,Kiddey,skiddey5u@jigsy.com,1FkzqM8aMgF9fwmEzQguLGs6U39GDvPmAe,78.106.148.51
212,Upton,Elcombe,uelcombe5v@tuttocitta.it,1BdAAVSZuYFsAvMUWnC6bhZvwUmnKeLohT,78.229.1.185
213,Dredi,Rowlinson,drowlinson5w@whitehouse.gov,1HdQGptC1u1DNPCVcWV7c8kaKCE8BVCWf2,186.138.95.125
214,Arden,Fellnee,afellnee5x@go.com,15Pd74kYj14RFDJA7zPNkGBFzcj8rJarRJ,84.155.123.36
215,Charley,Mayward,cmayward5y@elegantthemes.com,1AGUVzud3TX857qbDpadJGHRZC8k3rtXxm,63.19.131.179
216,August,Pozer,apozer5z@redcross.org,1Et3H5qKv3owUuk9hLwcGNoPYoprPF8VPo,170.162.93.217
217,Teirtza,Bewsy,tbewsy60@webnode.com,17goDommVzvs6V2YtVe7Y891WfWootQHmz,20.205.156.126
218,Steward,Rayman,srayman61@samsung.com,169XRWtXvKdETz6B8sRJsgyxpceocm8mge,29.40.154.194
219,Eugenie,Acreman,eacreman62@pen.io,1Hdc4NjYVQ8QGi1d5xjXm1ak6m646yW2HX,176.95.197.0
220,Jaime,Kach,jkach63@so-net.ne.jp,17nE6PdJrbPtzRpabxveSktVDdsp8k3VAz,0.90.201.239
221,Cassie,Marquess,cmarquess64@ning.com,1Nwce3Srwj9qDnby8LvUVg4nkhM8Txj8n8,123.225.190.172
222,Piper,Geraudy,pgeraudy65@friendfeed.com,17wsbDjvzqSQzYgqVEF2F54LC3B8Ryesmv,220.30.233.250
223,Quent,Shelsher,qshelsher66@tripadvisor.com,1PuHoLao28qtUMBX9dRyNWSm44m9uqejSo,140.47.207.255
224,Tally,Daldan,tdaldan67@yandex.ru,1AgoRij7jVcZZ2xN6b1U4GMGKtvZaT69pP,38.22.112.231
225,Marinna,Rawlison,mrawlison68@meetup.com,1CT7KMmTF7ZiVwKTQMRXAG2jkbqMSozsh2,131.216.76.91
226,Caprice,Ambrogi,cambrogi69@exblog.jp,1F6tmQgMdNtJ1hxe9PBsdBs8anfwM4PKix,198.113.207.75
227,Randi,Round,rround6a@theguardian.com,1MHgG3nBWar9BSvABiK2K2ykS5dn8tfG9f,60.177.125.73
228,Nicolis,Winborn,nwinborn6b@histats.com,18ntorPijkv73FCUZh5fJwmxpeWedDBaUk,243.28.245.58
229,Carry,Mathet,cmathet6c@samsung.com,12g2LSBFki18ngx64b4hCtVVoZf65ZGj99,56.147.192.79
230,Judye,Bartol,jbartol6d@imdb.com,1935YV8kW3Uv5GMdZnyr56v4c9VgP9mnNb,197.84.205.123
231,Etty,Duberry,eduberry6e@time.com,1ML6eVW8UzNqbu6gunBfqgB7g9zzcqu6vq,239.83.179.50
232,Florinda,Lovelace,flovelace6f@shinystat.com,142f8qdN1ppsApAbcnusCY9m4QoVfE6ihK,198.36.180.32
233,Chelsea,Blaney,cblaney6g@gnu.org,19GbazRNSu6UJFzUWiMqWuCEN11zEp3fCk,201.244.109.252
234,Brandtr,Oag,boag6h@360.cn,1Awngb72czHZqoH8dn2qNCyV1RhgAg9skp,161.244.78.31
235,Tamarah,Ralston,tralston6i@washington.edu,1B3QMy3TLtzQpV2h69PQvNyMwxrmE5Ho82,225.93.94.151
236,Kirstyn,MacMeeking,kmacmeeking6j@apache.org,1BKSUzQeP9pkeDVoNNMMovULKNNUo7fUGM,21.159.135.3
237,Mavis,Bloys,mbloys6k@bloomberg.com,14eLdHEJboCfjqupGDjss8DzwPFSkYfD5U,83.25.188.227
238,Zorah,Lantry,zlantry6l@amazonaws.com,14ZZNWtjj44agQ4JRNrTYhXz1TPDqbPkrh,27.137.190.203
239,Cynthy,Radoux,cradoux6m@adobe.com,1DF4yofhx1MDWVwAYLFQAbwVWXAuXc8G9i,209.209.54.128
240,Britni,Allaway,ballaway6n@biblegateway.com,1DLcPS1McRTFTUgvuQx6341ViPJJDG5d4Z,141.30.96.136
241,Rosmunda,Ramard,rramard6o@gizmodo.com,1K4Pj6aNBv8aHvQA8sXzkzVNwm67FQYjPQ,198.156.222.222
242,Honor,Bridgen,hbridgen6p@kickstarter.com,1LSHynYXp6mCjbu7J21T1GS1mtb2r4prjU,112.44.160.220
243,Tome,Imesen,timesen6q@i2i.jp,1N9UpjBzDEdJpXdJBVFxpsY8GK3hiyCtXA,167.216.29.247
244,Irvine,Bugg,ibugg6r@dailymail.co.uk,1JvJAGS53S8ZiqtYt9dpDGKRAYh9wswvBN,70.140.183.54
245,Fernandina,Meadley,fmeadley6s@facebook.com,14VqcmwJDcffMTJXdoV6udKArnTWYxGCZH,173.39.110.80
246,Elvera,Fitzhenry,efitzhenry6t@opera.com,1LfnAiciVrak3eyHDuFPTSNhLBrTnvJgph,198.254.83.59
247,Jessika,Kindread,jkindread6u@photobucket.com,1DjVsy9JNvK83B2Q1W7aakvQKDEbkv5etK,208.195.8.28
248,Gris,Pionter,gpionter6v@addtoany.com,1NfGLQhKfwtSRyKi8tZqnekyCxmpHgkf8,211.105.173.83
249,Hewie,Stolz,hstolz6w@europa.eu,1LXkj29TPanxWVaJvMvh3z4CXptBotTdb7,220.9.72.57
250,Belicia,Sanchis,bsanchis6x@linkedin.com,1GFN5sDYqoJ4spT51odibqVMbh63J98My2,85.105.53.72
251,See,Fishbourne,sfishbourne6y@hatena.ne.jp,1231uTQXHWZUzwdHLS9tuW8EXQvpWw4Kh8,106.166.188.244
252,Ada,Simonitto,asimonitto6z@vistaprint.com,15NVXfSP4DdsabJUfDRCNhTMA8j3cHTvNS,63.114.150.135
253,Mendy,Charlin,mcharlin70@weibo.com,1NjNBv5sQWQzUhPfe8mdLa4fx8JqdxruwQ,195.233.98.185
254,Edouard,Macveigh,emacveigh71@aol.com,1BGZEKh6ajeQZcV1CUPbDsSFhiaeyoFbGb,160.32.125.106
255,Arley,Dickey,adickey72@com.com,15SxtJfmyyRqPAnJGt1cgEnoQgoCrdNUPF,241.102.242.218
256,Eudora,Loughlin,eloughlin73@oaic.gov.au,1JcepYTpSDyFFrrEj6vew82yHPoC6VVFfz,140.64.187.137
257,Armando,Rule,arule74@auda.org.au,18xEm2tsuWqbffhbjq4qerMKNU8ptdf8oa,4.109.92.26
258,Carleton,Buist,cbuist75@who.int,1NFAbW42QEQLwbxCjgDWdXq7QZhcxXpUAp,233.191.113.199
259,Sadye,Stukings,sstukings76@nydailynews.com,1BbziiNwBq2yE8nHqCshvZW67e8fXFdqaf,121.79.216.148
260,Arvy,Bramhall,abramhall77@macromedia.com,15CiaAvN1aaNNCb16K6TCk4c31B9uLcvLR,214.107.137.188
261,Kristen,Dollimore,kdollimore78@nsw.gov.au,1MDFCeDSHoExyea8JMUoZGLegABngSs8Q1,78.40.25.36
262,Hanni,Craighill,hcraighill79@furl.net,131Qw9akNbMdhQ8Du5NJJAbY3HEXftiR46,86.33.16.71
263,Manda,Porkiss,mporkiss7a@dion.ne.jp,1Pg4SxTko9ARAHcJypmUvEJqaENyka9Rt2,66.77.169.98
264,Corbet,Kidgell,ckidgell7b@boston.com,14mH528vqqGZMauEtXcXJ29XvMb9mYLicy,5.200.115.19
265,Phaedra,Jaquiss,pjaquiss7c@surveymonkey.com,17RHBf4cGJEPxcKHEmhGCWUSG1M27mBB81,76.131.121.19
266,Brose,Fenty,bfenty7d@cam.ac.uk,1FcKN9hWcpsCCsZt7KjwWc5j8wMc3V9SCa,205.51.58.190
267,Victoria,Corkitt,vcorkitt7e@illinois.edu,1M6hxeKL8mHX4i241RgWQ8UZo6DBCsXwLE,211.122.164.181
268,Berty,Proom,bproom7f@senate.gov,1JCRavaksQxTwEXTFzrBmbuPdUuSEJJTLW,28.24.66.80
269,Pip,Roblin,problin7g@thetimes.co.uk,182eXPiZqPT19WRkBWmdqXYzd9MBRHv2c5,165.120.109.143
270,Orsa,Lane,olane7h@samsung.com,1GTZRvvJvj1gt2ppnjzc3AFD19ZHq6sBXr,70.37.144.132
271,Byrom,Vivian,bvivian7i@wikia.com,1s6gQVTbc6wsFTbG3nVJckPXRxho2YPaY,138.220.132.225
272,Giselle,Bucknall,gbucknall7j@tuttocitta.it,1DHeXS8zCtfCtUQtSsqPdiVNCW451JVbwi,36.239.187.100
273,Arvin,Ethelstone,aethelstone7k@theguardian.com,1DjpjFo7LMQ62pe1eM43vL9Nv9SJ3jisRw,33.113.210.216
274,Freddy,Suckling,fsuckling7l@bluehost.com,1Ha86vGFhPosnxF2eMQvgc3pcxeTHNwGLk,117.85.40.48
275,Adriane,Eymor,aeymor7m@opensource.org,1AhUif3myLGVQPsN1RcsHwEts3xd4e8xbf,135.188.169.227
276,Abbey,Elias,aelias7n@dropbox.com,1Cs1tVLQyRPf4tDLvdAdDDfJzRbRTed5Ef,26.113.25.46
277,Jeannie,Antonognoli,jantonognoli7o@vistaprint.com,18nek7ZYKHTf7hNseHaKiXrfkr7rPwuNNr,51.243.38.84
278,Vicki,Pachta,vpachta7p@sphinn.com,167W68bQxccyWZXeWJeSqZLHQi2MncvE8Z,4.29.115.49
279,Ignacius,Culver,iculver7q@chron.com,1AU8hUfThUdqs1rZsHLfCoXtgY44k8wgPT,186.69.165.81
280,Dollie,Smidmor,dsmidmor7r@businesswire.com,1MigvhXcjyPXannvdGkuccW4bSdgqtQM4D,82.26.65.10
281,Dorey,Matthessen,dmatthessen7s@globo.com,1NUT5Sv7Prg8qqsWdYwSq98jN7b7VHVU1a,20.226.96.76
282,Bridie,Fabler,bfabler7t@walmart.com,18LYPGzoHU83ExZvGiWVVjoSErPvUnWsRu,237.48.166.92
283,Willard,Beeson,wbeeson7u@google.de,1E3m36b7z71n7pJ5chvzQaS5whQoiMq8vt,42.4.208.86
284,Killy,Bronger,kbronger7v@studiopress.com,1FGy6iigFqND4ZgSCbpz3AH5Ze5HQFP6Jh,41.242.154.98
285,Bessie,Crosse,bcrosse7w@sun.com,1GZf9BR2agSMrB838Cj5Eu4TyR3zoZ2S7v,168.113.100.115
286,Hollyanne,McArdell,hmcardell7x@youtube.com,1PW2UKKLgQL98hdnbTpf3sBKcRJMuaohCA,114.42.47.126
287,Linn,Parradice,lparradice7y@chicagotribune.com,1Bktd3oo7vkzpd64ecUb9A7bgAHp1E8Sgu,174.196.164.5
288,Lynnette,Northrop,lnorthrop7z@auda.org.au,1CWkxm9UGPoyan9jFwtp4e4q3TfMsdCwQd,40.181.2.250
289,Evey,Shooter,eshooter80@flavors.me,1Fe6uwchio9RJ3HqJdV7RxCv6yU9A4No6x,213.186.41.97
290,Lucila,O'Regan,loregan81@opera.com,1BLgZUqETvbupeJo61JXXgYHbvHnUA46BT,129.38.241.131
291,Johanna,Lade,jlade82@miitbeian.gov.cn,1GtCLAVtNWYeERJxnJEVX9SqrPLyPwJM8e,12.34.255.217
292,Faina,Manhare,fmanhare83@hao123.com,129PenKKHo7o4gDXtYnCBLy4Ad27bxWgiz,118.98.231.153
293,Carie,Slader,cslader84@aol.com,1FQLDNgxkNcyNEuyy2Cs3UXHD1owRoxTz3,33.192.11.55
294,Gill,Filipczak,gfilipczak85@marketwatch.com,12aPvXrZH4s4T5Dx5TKbSzJat3aDaSvRRY,231.158.81.211
295,Olag,Mabbett,omabbett86@huffingtonpost.com,1QFe3mucF1aBPpZa5h12aHDwZxvipA6D5C,203.106.167.80
296,Nappie,Branigan,nbranigan87@devhub.com,13GDTTAxnhBHmSomKGYztxSy2XaX3Eeits,34.186.93.44
297,Raquela,Westcot,rwestcot88@dion.ne.jp,19pPSMCPT2jYTpVDizvZuHjhpWyk1m4yB8,210.227.195.188
298,Basil,Maxwell,bmaxwell89@engadget.com,1M1DBrgFMUMMVYTpXNERqvaiNc4dHvpAWg,45.89.136.0
299,Evvie,Jarnell,ejarnell8a@amazon.de,1GjXbKFxejKQAM3u98opQDwVygMm1jCaZe,213.207.184.49
300,Adlai,Fiddy,afiddy8b@auda.org.au,1BYjF7rL6mk8t21JzEYdD68rLaSCAySKLu,58.125.169.138
301,Wade,Errichi,werrichi8c@a8.net,1LGCmw6cmZf53DjetvovL8CCxu4saZZgfL,216.153.27.70
302,Niki,Purcell,npurcell8d@webmd.com,19yENzsGB22yzmoXNrYuBGDdo3L4EqPSMy,135.80.198.227
303,Alyosha,Buscher,abuscher8e@artisteer.com,1MAY4evZPsR1KNd7AjUTQci9vug5EWsSTY,153.35.41.78
304,Olia,Jakes,ojakes8f@shareasale.com,171QRUanGSvDof2VdbwcuWh3UHQXRaecfz,89.246.248.160
305,Penni,Logsdail,plogsdail8g@kickstarter.com,17pbM1dNbe28LtCRNpSs9mSdwCR1hRo865,28.38.110.245
306,Nissie,McIvor,nmcivor8h@homestead.com,1GxkFqscD38uzaJwQQj4jAMvi5uzpd2xqo,250.229.238.60
307,Luca,Gaddes,lgaddes8i@economist.com,1JCbKgniVXbs5Yi9qmjELeT3TvQy94GPvP,234.236.241.13
308,Win,Saphin,wsaphin8j@gravatar.com,17iJjjQMPgvRu3XGMZPyssTSBXYHmhJRCu,203.35.55.176
309,Courtney,Menel,cmenel8k@miitbeian.gov.cn,1MK9TMHJNxzNcXXtiNbiMj7gZpKjKd9Bns,237.254.147.69
310,Kayla,Orringe,korringe8l@tripod.com,12QmjxqQJVGcuAyAaNZga57pJaiRAvo9Rx,231.233.136.251
311,Gladys,Josefsen,gjosefsen8m@odnoklassniki.ru,1HNZmUpUi1CaLc4HXJFXSeNbRjTKYgD7nq,240.155.183.53
312,Anne-corinne,MacNeillie,amacneillie8n@virginia.edu,1EunC25ZDDAJTZx4KA52JNyiiGc6d6GYYd,35.113.138.110
313,Cullan,Du Plantier,cduplantier8o@ed.gov,13wkiLTT6nz7o6mbTKBm9jc7NFGV4b1hQF,147.175.200.198
314,Idalina,Hauch,ihauch8p@qq.com,1CR1hE6zPm4Muii65M8R3CFroSatVNsc3h,127.100.97.41
315,Baily,Cogle,bcogle8q@tuttocitta.it,1K73PLJCHuxt9QhHTVtsi6sUBLzNzFmjUP,92.67.46.81
316,Oberon,Tattershall,otattershall8r@fotki.com,1C9YrQvWToyWvm8pWd6fScaDyMxQ7Mnd3W,110.65.184.50
317,Em,Willavoys,ewillavoys8s@mysql.com,13uQPUBbdPniQCAdtUYTRKT3xTYjsVXReN,169.181.190.109
318,Ardyth,Maxwale,amaxwale8t@cargocollective.com,1m1mkrU3PFz8UX4DC64swLdTtS36RdNs8,193.4.251.210
319,Joceline,Hadwin,jhadwin8u@4shared.com,1Qz1RDJWsNH7UEbvoz7DBShTSvLrEVsBr,80.36.183.1
320,Urbain,Wey,uwey8v@weather.com,17o7Ybhk9BzwpE1wLUc8x6TU3zhDaaaH6V,244.29.190.82
321,Deeann,Darkins,ddarkins8w@about.com,1JAqQqdbXPZPvwnBt1c7HXQJbnz7vaQQVw,238.83.76.133
322,Adelina,Meininking,ameininking8x@wikimedia.org,1C49nTGFG5tF4Zb2z8V6UZcRbEbUMFyMEb,210.105.89.115
323,Isidoro,Sidgwick,isidgwick8y@slate.com,1DbeM5zyNrLRjgJuMKtUApc4ryBBhqiEfr,60.164.28.213
324,Carola,Narey,cnarey8z@oaic.gov.au,18WKDrTHUh8XHdprjnVFMNEL8uZ8EVrV1j,165.238.104.128
325,Vincenty,Buchett,vbuchett90@wikimedia.org,1GMathtA6atxnpmCJF3Egy6nzT57S2ULux,35.64.77.17
326,Julie,Yanshonok,jyanshonok91@delicious.com,1Li48FTZv22625dUbMNrtvveEoMjfFsLGy,190.60.93.173
327,Ingamar,McAughtry,imcaughtry92@xing.com,1Hih8spM4Mj61TyqjN8Sy1hunQTFsJFiTJ,7.94.84.70
328,Vivienne,Sheringham,vsheringham93@wp.com,1HfXoXnWhApAXZt4PdpEo3SVS85dMqQwB4,207.185.189.148
329,Vikki,Shutle,vshutle94@deviantart.com,1MUk3zdZRrcfV8xPktBew33UBoap4tCzNJ,158.66.254.85
330,Ludvig,Meece,lmeece95@google.fr,1EMVYMy5rvuC6S9LzHvZmtMVxM3GqFmGpk,124.99.58.141
331,Moreen,Slora,mslora96@dedecms.com,12Ptif1pxmxUqH7wP8aXQf2bSHoTHKDgUX,177.42.86.34
332,Davine,Loreit,dloreit97@pinterest.com,16Zbg58jxYewQxQjvuhPYPaDnyGShawoBG,34.6.161.122
333,Sadella,Toma,stoma98@reddit.com,18ezuc9qQTaeo3aW2YJXLCZNzFFJdKuXFn,97.43.46.253
334,Valentijn,Woodfine,vwoodfine99@blog.com,1CdXhiBeF48bXr4ovvyi4tByi5v3tWn82L,207.142.80.36
335,Eran,Tonbridge,etonbridge9a@statcounter.com,19bTa9krSYX2jipezNV2dryQ3KwFrdCtoB,39.243.103.161
336,Kermy,McGettrick,kmcgettrick9b@t-online.de,1HZ1ig7Cbcq3B1SW9LLpxcx9rQvkGYdEwf,238.230.249.11
337,Twila,Bedboro,tbedboro9c@sitemeter.com,1HLB8uKgFd1Jcn7GocCXoiehQdefCvMh1f,109.63.35.24
338,Rivalee,Strowthers,rstrowthers9d@dagondesign.com,1H3hsp2uJjxvo9kjFcdF27NQBZpoNweRrn,202.64.121.74
339,Tris,Curro,tcurro9e@last.fm,135K1fcQjReR9zgifyvJoJHwr3ZYa7qE8p,171.78.42.142
340,Adan,Peeke-Vout,apeekevout9f@icq.com,15kKyDAvQNqGESx1w6MwBGTp2q4frzhM3k,72.33.146.165
341,Maye,Danieli,mdanieli9g@netvibes.com,18D5NkMcgR7DB9zy4ZfFe187DF1aPfxQqs,88.214.162.69
342,Haley,Pordal,hpordal9h@cargocollective.com,1MTwokMi1Jx35wH1CuQkEyuGFNH9p5PBiz,249.245.15.220
343,Richie,Sacker,rsacker9i@tripadvisor.com,12HQqngiUJLxZ8jCJ6fJH69ST7bfW56by5,39.58.186.168
344,Irving,Jobke,ijobke9j@cbc.ca,1CgNPS5944QWr5RjPxDAfWJLQX5eJxVQZ8,175.233.234.181
345,Markos,Widdocks,mwiddocks9k@apple.com,1JSxDjAcAwT2sxfXxeFL289HyRT53iZ4Ac,82.233.134.16
346,Karlen,Ovise,kovise9l@creativecommons.org,1JTx4Thui3NQSoZ5sRxLuRSRKUY6JHwxi6,31.25.157.53
347,Masha,Wraith,mwraith9m@fema.gov,18EzxSnTrn2WhCZNsbFi72vvLnJnyyrxCm,7.4.72.252
348,Selena,Andrzej,sandrzej9n@w3.org,1Gx3X5SAuUVohRBpKGxUCqDwrrCAfVDq6L,167.178.140.46
349,Angel,Assandri,aassandri9o@google.com.br,1FAVP737mNZyrwexWmGbsStKf9DkDRefsK,155.131.35.42
350,Mariam,Pickervance,mpickervance9p@indiatimes.com,15UqHVau4iYLAjW91Z5Wx6NPAjeQ46we5H,142.16.139.173
351,Griff,Treanor,gtreanor9q@reference.com,1HpsRJ9pPawNx5sZdoXViY15KvkKn9u9AX,232.228.23.97
352,Brandea,Breem,bbreem9r@ifeng.com,15L2nR1buPEnAjF71b2vUQ97LBx5K4Kako,18.214.89.16
353,Minette,Petkov,mpetkov9s@tmall.com,19YyaGwFGWTDDmk1yMnxzD84NdiEUwiGCT,80.221.241.41
354,Virgie,Deshorts,vdeshorts9t@twitpic.com,177bweqj1GnWkuxvUz4bHmJh6MTHmhogLu,230.124.96.190
355,Athene,Pashen,apashen9u@alexa.com,1GTX76XTaEWqqjXJHzZKXYWX1sJ5yskFt3,93.115.70.215
356,Eliza,Cumming,ecumming9v@jugem.jp,1BMsE7pdUfcJfQjzdZdbAFKufemXRaxe1K,102.99.30.239
357,Clarissa,Bruff,cbruff9w@ebay.com,13Y3Zt5Dv7xf8U1gC8NEjVnwpS24GS7smk,30.179.143.221
358,Gennie,Knapp,gknapp9x@so-net.ne.jp,1HxQA5SbrQ4Z1SrXMUBRkEQALnc1zuiGsw,66.231.124.81
359,Timmy,Thying,tthying9y@clickbank.net,1H4ZNKCiA7DM52jNtbwdUDJwUAQjumU223,93.182.53.247
360,Olia,Huggons,ohuggons9z@go.com,174kBKGpzfRjDhBBbozdz6qfNzdpa4hV5V,5.85.47.26
361,Brocky,Brompton,bbromptona0@blogger.com,1DnBLAMDHEHik8jH4PphPmrsSznJAzQTbr,32.246.48.223
362,Ring,Parry,rparrya1@bbc.co.uk,1AS5nrK751VzE2EwCtEr6DXSh2pktnyfuE,19.52.178.222
363,Lazaro,Bedham,lbedhama2@nature.com,18fAZPxU3NwB97hVPrSwmnyTMwSaU4WF7d,98.162.74.27
364,Gregg,Popov,gpopova3@intel.com,1BY5n4mTetwvYDkC493saFKzvdfu6Ha8Fn,103.145.150.249
365,Joana,Fortye,jfortyea4@amazon.de,14KkT7uJPU2MkpaC8eeYnS1FNAGqDCVfGx,175.202.142.61
366,Anatol,Jodlowski,ajodlowskia5@hexun.com,1PrgA5ZjLaaTvqCRDvnKkmLoKA8hCb4Q7a,43.123.148.43
367,Emlynne,Heaphy,eheaphya6@ameblo.jp,1G4BdH6cXRQgbtiYT6xjB1JZRRQe4isFVa,34.147.251.80
368,Tirrell,Dickons,tdickonsa7@i2i.jp,1CG7B89LEnnzrSYqA1GE7a59Dw4MU53Aqa,214.166.37.172
369,Becki,Rowbottam,browbottama8@house.gov,1PURrbMY6VGcFJuCZKYayuWU89oN5z9ieQ,105.70.99.38
370,Pier,Casaccio,pcasaccioa9@cam.ac.uk,16LYDCddW1gqwxJC9avUUafUfucBkQ3FXt,230.87.84.131
371,Sheila-kathryn,Blakey,sblakeyaa@gizmodo.com,1Db2gSA28HrtagiA2w8Xh37397KRREGEsU,21.175.125.172
372,Nikolas,Bodimeade,nbodimeadeab@statcounter.com,1Pvh3eun6doWRDXjf9q9it46cLBwEghtoj,9.53.144.217
373,Iain,Moulder,imoulderac@webeden.co.uk,19TjqaJdqvRgCrxBtrxiErh6W85yMmTPet,131.225.69.95
374,Liesa,Vigar,lvigarad@squarespace.com,17oddMXFwHpo5mZVFU9q4C6XYhwjvZr8kj,156.254.140.175
375,Jillian,Brown,jbrownae@salon.com,1MQ4EdJYU6pmQejNUQZvQLDMAr8K4bZDKx,116.196.86.147
376,Obidiah,Luckcock,oluckcockaf@cisco.com,1KDdXVRZkRMznrtU7JrDMhjjZL3531JNL3,243.48.240.188
377,Clevey,Walne,cwalneag@bravesites.com,1HmgzqRiBH8W8Y681VFYZvjU3vqGnRMJYP,151.37.34.29
378,Billye,Muspratt,bmusprattah@microsoft.com,18HZsrBwjVPeD39EyfkLd4uwt9sgZFowC4,41.210.153.216
379,Dur,McKomb,dmckombai@census.gov,16NWE94jVWagyd63vh1pC316ZVa5B74YPY,250.65.89.245
380,Prent,Fattori,pfattoriaj@jalbum.net,1EUt35fQDRuCJjnAkoMrueXuzRSWsKUC1S,192.11.204.29
381,Chen,Yeats,cyeatsak@seesaa.net,1KG3npKUN41Ecdp1VTxZyhGWQDFJeDyqks,180.89.156.84
382,Ann-marie,Orum,aorumal@technorati.com,1JqPti8YWzUYDQXhHJjUCvpSGoJfAydHaK,88.206.177.245
383,Charmine,Robbs,crobbsam@creativecommons.org,14v8P6PBfRNiNKuWkv2R9hZZwd6C7iwMPb,207.169.116.64
384,Rhona,Pee,rpeean@nyu.edu,1Pbds6sUS1419iBDZgrG2g9vV96WHtsxFi,19.125.7.217
385,Rodi,Althorp,ralthorpao@mashable.com,18vA47yNEA3PrEpaMNv25fWzUbyX82sykk,60.241.21.106
386,Lyon,Haslum,lhaslumap@de.vu,1QKSoCy18zQukDJLwfVxggsAAUJewv9T9q,177.173.217.49
387,Desmond,Pawsey,dpawseyaq@icio.us,1AwJuohzRWMUCRPz5c5YmvnBrHjimUUiMe,229.113.19.108
388,Ethelbert,Barfield,ebarfieldar@goo.ne.jp,1Lov6c4nwiMkP5SQkH6X27o74MVJPwadZF,175.215.242.63
389,Stirling,Willoway,swillowayas@gmpg.org,15qMmYiBAnnaJBCesSMS1Kz8LEDYdVDD2a,212.172.80.119
390,Roldan,Drinkale,rdrinkaleat@huffingtonpost.com,1BzDitJjddJfLfSg49naMJ3uESkqRVxMZT,104.184.91.60
391,Aylmar,Clother,aclotherau@furl.net,1M1Di47tdkhME1HETNzbDxWKq7pnrHje9s,149.186.239.247
392,Bernardine,Imlin,bimlinav@nationalgeographic.com,1Nhjj7fmeSeY1M5JFGpfF6MWwDmjMrVffc,12.52.82.19
393,Dan,Lochran,dlochranaw@taobao.com,1Fq6LNAUxcb8gfSBVREtso1kwqtEVJC9id,138.156.104.174
394,Valentino,Rings,vringsax@google.fr,1iVtk84ruyJAatmSU2vqc8XaDZwiAaFQY,51.228.84.207
395,Garth,McCraw,gmccraway@diigo.com,1LKLDE8hWqKoS9XjweCqXM9HP14eFayY3E,80.79.129.253
396,Edsel,Clissett,eclissettaz@ezinearticles.com,17RdoSQJsVkkeYjV5rKgSwMGnjaFPz6bx4,69.250.41.30
397,Emmalyn,Tod,etodb0@twitpic.com,1L7KBLtphVsqGEEYWNe6xTAzXtveT7QfB6,108.21.1.143
398,Sisile,Mossom,smossomb1@symantec.com,1DTr7g26fZhHwHAdNtmBHEgEsRXv2fdY1F,109.11.32.23
399,Far,Thying,fthyingb2@freewebs.com,14Jm84uyz17fEk8aGmfEU5oosxPFAdx8SP,35.7.28.22
400,Benedetto,Lavielle,blavielleb3@aboutads.info,1QHTCuMUkpGSJqtCnfySoDSdDqSXrbhx4P,79.177.172.177
401,Dyane,Doxsey,ddoxseyb4@sciencedaily.com,1DcJqrB5CNM75qC8StzfBx92fKRTCBEg4y,147.177.153.253
402,Conroy,Strike,cstrikeb5@auda.org.au,1MGEDirAMUUakkBrZftX8ajzB5adsv7ySz,253.106.13.1
403,Natassia,Andriulis,nandriulisb6@printfriendly.com,1KiqaUk9t3b1XPosREcyXA2GHzAKJAK3bM,19.69.84.105
404,Dino,Everill,deverillb7@hatena.ne.jp,1CTEWYNeCdsy2osqx3Kmpy5iG9VtbAvf1Y,146.189.241.51
405,Kyla,Huckerby,khuckerbyb8@answers.com,1DZ3LPc8FY7fjjXnwBWxxNfK1HrkgUVxj9,210.98.170.17
406,Lexis,Mayell,lmayellb9@hugedomains.com,1B5uaTaHiriJdhV8MZVUnrYFMaGCtGyje7,140.131.62.220
407,Neils,Sewall,nsewallba@webnode.com,19QRE8ShaGs6GmdoqWvu4aAbmbgvm9L88M,49.29.61.87
408,Berke,Bernardini,bbernardinibb@zdnet.com,1GoiFy35h56nv1HqatGhncPgULQcWASYgy,44.16.219.169
409,Batsheva,Maplesden,bmaplesdenbc@blog.com,15QYoNqQRLrRjEP228eLNvBPShuLg1LZ9r,43.78.193.47
410,Giffy,Rider,griderbd@joomla.org,1NmbQWoGuDGNqkGGnkfTkhSrvgwXibDwe5,53.223.166.245
411,Fanny,Willcock,fwillcockbe@hud.gov,15hrBY7UdEie9itonrf12v6c7BzdPEjh15,139.89.230.246
412,Zebedee,Begg,zbeggbf@dedecms.com,17xLXyWz3sn3WZWa6ZQrAwyxbgtKjD7MDD,238.28.163.130
413,Margret,McEnteggart,mmcenteggartbg@deviantart.com,176GDuH6PvabWg2rGjMmWQVRAsr8fcEnmW,37.107.15.170
414,Xymenes,O'Dougherty,xodoughertybh@craigslist.org,1PXGzQDgTADZJKnVuy1AmmXRfp5PCixV6s,34.58.48.159
415,Kassi,Blaisdale,kblaisdalebi@jugem.jp,1BQtLKGZvYM6vA3oAfMHRrfKi9NDXbuvmG,165.39.198.178
416,Alexandrina,Jackalin,ajackalinbj@umn.edu,1PgN68wtTXjbkccd3p4VQvfo72NDKpcpu6,130.106.73.181
417,Sandor,Kippins,skippinsbk@netscape.com,1HQtfw8n23cSewFTAgdytSeJwfZZdSG1JJ,127.97.86.109
418,Chelsy,Olrenshaw,colrenshawbl@mozilla.org,1MygwBhJwFcFh6FBiwfpLrGFX6NTno3L4,233.44.45.224
419,Hamnet,Dillicate,hdillicatebm@guardian.co.uk,1QBaTvjXQ4rdCn6FLboBp3UhD6Jj6dmCL8,209.68.104.241
420,Shena,Hurring,shurringbn@berkeley.edu,1CEQyDuwjQTpk4JUpHUyQm4cfnsWSYnRWp,20.157.3.157
421,Larissa,Ilsley,lilsleybo@weibo.com,1CZ5q6WtCziuAMs3kqtVuMEmzny6NSJUSG,208.177.114.101
422,Dannie,Zecchii,dzecchiibp@usgs.gov,1Ddt2rwCmKScz7jQgiX51CZYPrABbN6Uea,33.186.48.30
423,Adi,Severns,asevernsbq@amazon.co.jp,1E7TKs2kKRqutUZM8vskAXuicFEVbGeECk,29.247.152.46
424,Mason,Monshall,mmonshallbr@miitbeian.gov.cn,1NuAxmK8RkfmXGrUECcqAQdh8hzFXTwJFY,85.234.201.85
425,Kelli,Steiner,ksteinerbs@fema.gov,13hUp3JLxQH3Q75QFMjNTVfz74sMxxEmZ6,212.192.0.56
426,Hartley,Bru,hbrubt@fema.gov,1AHZW67UbBSdi3XJiTKQGSWPC8Wb6HHcun,0.221.182.47
427,Vikky,Rohlfing,vrohlfingbu@netvibes.com,1JsKBDdHiUbyVXVzhcqEefG6zB1i3KR2cR,47.63.85.63
428,Cyndia,Daddow,cdaddowbv@smugmug.com,13kcUpeX5TwvtYHTyy7acPb2AYXV72HtRa,246.32.186.248
429,Niki,Kilminster,nkilminsterbw@yahoo.co.jp,1EcP5e2En11rdkt4kTKq4AvJzeCQXEqsFp,164.102.79.163
430,Sidonnie,Nisius,snisiusbx@mac.com,121GUEGrPJKVABgtXq5VyeKGpd31WCFkU2,220.215.44.141
431,Wallas,Humbell,whumbellby@washington.edu,1BWvwXBhdAPepMTx6tKXGUsuYyNh3YKHZv,220.67.53.70
432,Ottilie,Face,ofacebz@example.com,1NWNvqFkeZyKztCY65bGJsC4ZmjDS7a9s2,251.145.207.17
433,Adiana,Twidale,atwidalec0@paypal.com,1PxHaxXqxxWV4jUVkMMvkW7XfqRZkHTtAo,213.218.190.123
434,Arlena,Hallows,ahallowsc1@xrea.com,15MbyyyGePduVix9Ux3kTZBQYPrxN79fcM,183.97.91.252
435,Shepard,Gallacher,sgallacherc2@ft.com,1GBaEvQ7FTvkBDi8NoY9SDyL1BUt2yxVdL,147.133.108.150
436,Gwenny,Banstead,gbansteadc3@mashable.com,16LnPcyptEX6XGYACgQWVTnfr1nd8TwFy4,24.10.106.142
437,Domenico,Sterland,dsterlandc4@a8.net,1sUASKaBUdjFCvL28ynSNY3v6oXno9VfC,110.233.60.34
438,Ashleigh,Zuenelli,azuenellic5@cargocollective.com,1NMLkaTxrZ7zQGu8LcNF6DTnU67Wg5aTZ6,135.43.232.90
439,Rania,Barstock,rbarstockc6@facebook.com,15KY2b56SQKYdM5CRtoPq4HC3v4J83rVrH,189.30.19.128
440,Gilemette,Wurz,gwurzc7@who.int,12YVGQp5FGuQvip1vuCsx15BnWdaQCigQZ,199.193.131.68
441,Hyatt,Weddell,hweddellc8@hugedomains.com,12TNr6QHSp7SP2iLrWMc4meWSJZFRKArKv,208.178.188.114
442,Milka,Tukely,mtukelyc9@un.org,16777hpByJaiB6vLTraDz5QggqrQueXQgd,90.150.251.100
443,Romeo,Fiske,rfiskeca@mozilla.org,19QsBQtaoGeGP5crrUyGfwPzi5BPeQa6HC,42.6.46.100
444,Brand,Oxberry,boxberrycb@pinterest.com,154jumeTErUimZP861ChWsrirKwfMPHpJz,94.121.125.55
445,Jimmie,McCowan,jmccowancc@ucla.edu,13r7EKQPNmwjp18LzUkjWQVVhjCut4vE1E,107.197.224.202
446,Aldous,Bartholomew,abartholomewcd@microsoft.com,1AaWg47o3PC2iTk4boYX6op7HYEdfKs5dd,229.111.26.180
447,Salmon,Birtley,sbirtleyce@delicious.com,18vLwRZD2x3k71cYBLfLRnJaCzZ3Z2pCmL,224.255.164.138
448,Anissa,Kubelka,akubelkacf@nps.gov,1FA2HdViqsJVBMEfAeBWNUGvuin6nrTjvP,117.187.92.102
449,Allissa,Lepere,aleperecg@ca.gov,1C7Fy3qUXCX7jXwuYv3Ug832prcJHKqTui,106.51.117.157
450,Norbie,Swatradge,nswatradgech@google.com.hk,15z9J1iDXv53M3BejfvoKQ8z7B3qxyRe6F,177.93.6.3
451,Arlen,Wagstaff,awagstaffci@blinklist.com,13ZYkwFrgLayqjyyEiZZvi2dPLXYcXw8kA,23.95.191.156
452,Meade,Filewood,mfilewoodcj@exblog.jp,17iEXerhMdtwBgtw5vsANSECbhYAnkVs3,61.154.201.88
453,Aloise,Marchetti,amarchettick@wiley.com,17uBkJ9yS2ZCgxCwvwGP9897ZG7Q2CedxU,254.247.135.31
454,Jerrylee,Hansel,jhanselcl@theguardian.com,1DRgXSFMaBoWMFd4cP5sUVAJ42ftdrbHDu,131.170.32.61
455,Moore,Burgher,mburghercm@indiegogo.com,1F76NDq8uz5AEDM2CLMybTxXSzWnzAvyWj,36.37.143.108
456,Tabb,Avery,taverycn@china.com.cn,1FugeAFQ8EBzm2jMLyWKV3WeQXFfu76pDF,165.14.50.151
457,Dur,Sothcott,dsothcottco@miitbeian.gov.cn,14ieyWDEEmkqgWY1m83SvGga94KTQEgsTE,80.184.139.134
458,Boyd,Trayes,btrayescp@seattletimes.com,1KEokMMyeE1boRGne9Zkjro7kFoqiJxX6g,103.143.207.189
459,Sherie,Brownscombe,sbrownscombecq@yellowpages.com,1MmpDE7Rk59mX6sT6EPrvWxhQdWDxewZSn,20.157.10.152
460,Reeta,Dikles,rdiklescr@usgs.gov,12Ps2WMLJVmN9hf9wa9ZLeBVSHt8ncXT3J,232.198.62.93
461,Zia,Dicty,zdictycs@hud.gov,1C1y7xjvEBnGKFNwReb15sKPi9C9P2WFsN,93.35.133.60
462,Corrinne,Barnsley,cbarnsleyct@youku.com,15J5QETVz4TrdYqzutBDLUf7a6sQtG3viM,172.134.212.145
463,Shanda,Broker,sbrokercu@example.com,1FYmHMwSv1Yq3NF8wPmxNTV7kx48jRvRE7,243.210.228.116
464,Hannie,Roughley,hroughleycv@usa.gov,18vcWT93P5k8wWhXiL75xxFzAfLjnDmMuy,126.15.101.81
465,Northrop,Vooght,nvooghtcw@virginia.edu,1Eg6yS1qgckZoajM2cjW5MLBnNW4TtYZQK,229.93.95.17
466,Vinita,Flook,vflookcx@tamu.edu,1A19sCSV3bXPwAx4msNoLnNbD2wF9nVX6c,101.244.137.79
467,Rafaela,Delgardillo,rdelgardillocy@irs.gov,16hCSK9YkQDhygjc6UJ4WyVujLstNzmGD8,41.76.204.18
468,Bernard,Geldeard,bgeldeardcz@amazon.co.jp,141zQefEEtkBKJkxEftZF2rWH5Jvt1JyHV,120.98.112.220
469,Lexis,Szwandt,lszwandtd0@utexas.edu,1D9TFifS8ofHzQYDKKFv9puGRHPaZKJpNS,8.88.48.23
470,Moria,Gerrets,mgerretsd1@tumblr.com,1Q7vA4UWwQgx9SKcvyefLsw9zNcQdMr9n7,209.52.103.88
471,Evania,Cain,ecaind2@istockphoto.com,1FXUsGFkvEhDSrwvS3NSWJeNhRKhfV97er,1.13.58.210
472,Pebrook,Ayres,payresd3@yahoo.com,1NNoQGM5pwsKmBZjskmPz4pjDcPfCTEu1v,46.213.236.35
473,Alex,Burdis,aburdisd4@storify.com,1929r7UhoKT1U96YPcZYU8TTK9Djzg99Lp,75.122.135.243
474,Jean,Ransbury,jransburyd5@usatoday.com,1LFt41yeQCyFaEPZAV2qtFk4UvmiEwKzUH,226.175.177.207
475,Sallyanne,Tolotti,stolottid6@g.co,12XwVCnj5GBPvpcb2KEyi45VnPGyo234sH,187.103.226.131
476,Coriss,Finessy,cfinessyd7@yandex.ru,1MhQ456rwjaYGduP5bTqATkGLp5cJdoypT,58.85.200.240
477,Tully,Giovannacc@i,tgiovannaccid8@google.es,19j6rZDCtvbDQo96LuoJq2Ei9xWLN4pBZ,213.108.40.253
478,Cynthy,Scantleberry,cscantleberryd9@senate.gov,18cH26yTC3zpZGUUeBCWaA4Bm2LjKY7Hog,10.234.133.183
479,Farlay,Acres,facresda@npr.org,16tdyi6Hq4GU3NvJeFEosjhZmLHAsqzNFC,252.79.4.109
480,Dela,Mosby,dmosbydb@cdbaby.com,15kqdjxmk3vRreT8x9NQgXezoNboHf7xLb,247.253.72.171
481,Godfree,Dulen,gdulendc@patch.com,1AvLcFmz6wAdV8ZKicYJhGhE1KhQrVBLYu,183.8.62.19
482,Karoly,Gentzsch,kgentzschdd@shinystat.com,1J4Y1xeiaaVC2TcCeadJDb4pXqFwXtmAQu,183.227.85.239
483,Theresa,Lauks,tlauksde@theguardian.com,1KXpT9rDfMqpyJ3tP6kakPxAmc6bS93JK9,109.139.241.168
484,Orelee,Clair,oclairdf@cbsnews.com,1LMnS4mhJyhSRj4mtDFNjxKKAHKcLuozYj,42.180.253.33
485,Dorothee,Absalom,dabsalomdg@e-recht24.de,18bjvwtEDX5prb8sLQrsC3WQvykE8Gjnyt,119.93.3.49
486,Britteny,Mance,bmancedh@google.co.jp,17CcJQmTb12GUksnCP2hQ5Crr6Fc8ih8U4,111.180.123.27
487,Ellerey,Allsupp,eallsuppdi@hhs.gov,129sLwGNCHHk54PpDntq5pmF52ao1A83St,107.94.74.182
488,Danny,Jobern,djoberndj@wp.com,1JtkYLTuknJu5U1TDqMT7GFzs9BKNG5QLi,85.86.131.248
489,Imogene,Deignan,ideignandk@opensource.org,186oX181jXkBNZqA75rAbPHooQnDnrq5eX,155.202.135.160
490,Amelia,Bolens,abolensdl@spotify.com,15HJkqts9MpiN22JwySvDYXTXczvDFsFV1,203.179.163.39
491,Dall,Kloser,dkloserdm@squidoo.com,15M1ADih2BbezW8KTyHc41G2SVdkoFqjZb,153.243.246.10
492,Valene,Marris,vmarrisdn@seattletimes.com,1DctfLSqpNaH3qfM9xHBmYQFdMERAgFrR8,8.223.102.143
493,Sydel,Starmont,sstarmontdo@ovh.net,14ULyDMnzUh1hBnc3e6L5RB4paAvvQRCUv,118.249.30.95
494,Mauricio,Keener,mkeenerdp@mapquest.com,1LdtNcFitxgWdNzFtxyKY4pdWHojoUMH2C,222.117.106.209
495,Amalle,Kenward,akenwarddq@joomla.org,1Lm1FQaTw1n2SAAftbtHQxuroXDKnSthdB,55.253.157.167
496,Welch,Dumbelton,wdumbeltondr@tamu.edu,1J6iJM2VuFkvMRkHDQGHvGYYNAvsZ6vrM8,154.160.147.67
497,Mona,Pardal,mpardalds@weather.com,12LMEshJir84rr7dxF8YwFVJojCKe7XkZs,135.251.24.48
498,Claudianus,Feldhorn,cfeldhorndt@live.com,1AToEt6iqHdJ9rXpVauXycRTEBje7EH5xe,251.123.231.21
499,Saunderson,Shoutt,sshouttdu@google.ca,1MjJJZHKdRNyNRwDhcxEEv1Cob7xC94cv9,232.193.20.198
500,Baillie,Dodson,bdodsondv@wisc.edu,19w4PGvt67NAMSh7su3oVc9ejkCNkTLBLh,93.36.89.113
501,Marve,Spellsworth,mspellsworthdw@sciencedaily.com,18BapabA2LuUAT6Ns2D78JnEkxnQzcSj1,37.95.108.129
502,Anastassia,Celes,acelesdx@delicious.com,1FnJqMffkcnN7aPGH5hGtdBMxH2wRS7bhG,207.149.16.246
503,Monroe,Leason,mleasondy@gnu.org,1Q5yuDJktxtSEmp65cJd7KJLRdpMM7xwPj,172.4.83.210
504,Tucker,Oxlee,toxleedz@japanpost.jp,1Cu647RnDi1e5Ds8B6uFyLuLwNmQkxq81o,97.80.208.200
505,Patsy,Leroux,plerouxe0@chronoengine.com,19Cadp2R921ev6o4mhBJCfvqZ4CnfoNhkh,146.209.146.127
506,Kurt,Stolli,kstollie1@yellowpages.com,1FjebGG78ykpjYmQo2ootwmQTbFV4YHNGc,69.75.17.228
507,Andie,Vaughan,avaughane2@xrea.com,1KcC3kEu1wu2UcgUqxvNWoXkkBEGxaPvdA,159.184.138.74
508,Pat,Honniebal,phonniebale3@technorati.com,1FcRQhXYMGtZTUMDQP6ohJyZWsaYnEcwPd,220.119.160.195
509,Daffi,Mullaly,dmullalye4@shop-pro.jp,175qgL8MtkzpkGbeSb3271B3piZFJ1USAf,117.177.142.184
510,Eden,Sharpous,esharpouse5@pen.io,16noBq4mn9x8w7JdQPEZgN9TsfwTfn2p7y,23.94.243.202
511,Lucilia,Hakewell,lhakewelle6@washingtonpost.com,14Ts5k73jEoNx3mtr44ZYpTybFPnoTiMdA,99.197.26.240
512,Fern,Buggs,fbuggse7@ca.gov,1JHD9N6x3iEQumCctfAc8qYfbaaXWbz8ri,10.120.38.119
513,Perri,Casburn,pcasburne8@lycos.com,12S8TJYRH1usdqDwJjTPhYeb5HypA2FB97,195.84.148.141
514,Vannie,Kingswell,vkingswelle9@techcrunch.com,1B5svb6kK7f5iATtUjPU73Nz87iFL3RFn2,2.49.213.3
515,Jeno,Gocke,jgockeea@reuters.com,1P2C4NkhbcWftGJNnDBaDjgi442bqfKrby,189.186.30.39
516,Darcy,Gwinnel,dgwinneleb@sfgate.com,13KXhhoguS41YGj2jbF2tzA94AMU9DJwhE,107.7.76.6
517,Marley,Paine,mpaineec@alexa.com,1DCCL1KX6bJidccpEDtUF7RqgWZNEhBKUc,194.143.148.81
518,Kriste,Vickerman,kvickermaned@springer.com,12Gq6jzHGZLUTmYxtTR21z2TqKyNe2kbKy,149.190.8.228
519,Lissi,Pawel,lpawelee@theguardian.com,1CPavigogS5hYWbVs6tQ1jb8bUCsharVrF,97.88.40.73
520,Denys,Durrell,ddurrellef@wikimedia.org,17N2y5pRyHPfgjabmyHnns4Tt78k8FN8XN,138.43.179.247
521,Brewer,Gaber,bgabereg@army.mil,12rkWkuWzbPFBJuNND8JZbMRYCTaqUCNpQ,26.203.63.162
522,Jacquenette,Fullerd,jfullerdeh@homestead.com,19KCW11eHxtF5Qt5LBTjRGReWXh2v7UhUV,47.63.249.132
523,Jefferey,Sherrocks,jsherrocksei@freewebs.com,14yRna8FAh897SfBZFy6BGcKDk27NWmfYs,39.167.188.72
524,Melinde,Domone,mdomoneej@hc360.com,1GujxgkuE1nZd5aqUsCFYG1pr53RByebj9,228.56.31.176
525,Cathyleen,Ruseworth,cruseworthek@wisc.edu,16PpyWsYPTTA6hNH5ypv2Mx5eGi3GZZhgG,69.15.174.241
526,Deonne,Rourke,drourkeel@123-reg.co.uk,1MGTNig9Kg3ik12jHRz2aGkbRPaNjDY8Vr,46.187.168.53
527,Birgitta,Sedgwick,bsedgwickem@dion.ne.jp,1JgZM8dsVivHxLVLw6a8vS67kZRn3cMRGC,13.204.88.189
528,Roanna,Winborn,rwinbornen@cnet.com,1Kuoh53eyXvpUTUn5cZ3SYjDBYohiaMkW3,5.19.139.183
529,Dunc,Torricella,dtorricellaeo@army.mil,18wGEQVpeSfWcXXn33q1sGk7migeCcqcs,155.62.227.249
530,Bryce,Beevor,bbeevorep@cnn.com,1NGhPWDfmFRw8XTr8gmfJ59X5wqFr5pqSw,122.109.139.102
531,Margaretta,Caunce,mcaunceeq@pinterest.com,1E7P5MrU7vQ11u5sg9Gm61uZbqyzp8kxcQ,186.81.172.122
532,Emile,Carnaman,ecarnamaner@123-reg.co.uk,1Lc4h8bKRQxonMnDQMUZPFmFXCapJ41CZ9,242.178.70.76
533,Lizette,Abbott,labbottes@google.ru,18Y1Vx9ip4raaRcoy9LLMpQQuLymq5L5V2,71.107.235.112
534,Zebulen,Leon,zleonet@dion.ne.jp,1JkLX43jLmzb6irJAmm52tH6Rke522ArhD,217.106.37.21
535,Nickie,Duer,nduereu@taobao.com,19b5ZYrVC5KhNUb6RQ32Xf8JxkZndKofpf,72.140.161.89
536,Rodrique,Pengilly,rpengillyev@csmonitor.com,1FkxrPcmLJMf2Rw3LwjZoCG14VPxxXakQ8,159.18.154.17
537,Midge,Mesias,mmesiasew@vkontakte.ru,13MLHUZBiiXU5jKrSTVuDQWe26e3HfTQGU,25.126.180.2
538,Phelia,Brunstan,pbrunstanex@epa.gov,1KUd12vjUkiZ2GrJb8WJ8LE9ZAnSKn9C13,242.12.180.209
539,Hadrian,Huot,hhuotey@ustream.tv,1NdiwU2cfXKyqWq747er2C6MSF2rhHoBfr,59.155.178.46
540,Jewel,Date,jdateez@nih.gov,1KQP61GFzTuaQ819oexfTWKL8NmExPsA5X,141.111.71.150
541,Worth,Lamplugh,wlamplughf0@columbia.edu,1K8cYPcreVmJ1oFJX6F6X91DooiaVeF4sp,118.246.145.201
542,Conan,Wiggington,cwiggingtonf1@fda.gov,1QFnVFjiZveA6LNx3EEwwk49dnjAkDgn17,109.203.111.99
543,Ronnica,Clemmitt,rclemmittf2@virginia.edu,1EkjyvZ82r3GvB2K8h1R5yUuPM4zw824kB,179.182.213.211
544,Ronica,Hancorn,rhancornf3@yolasite.com,14MWiNXNAwdafuUGrJbM4h6CU2WGCFagN2,27.7.210.44
545,Buiron,Spiring,bspiringf4@tumblr.com,18UobX1Xq5SCwqiUtEqGAyW8nfA5yC89Cs,28.74.213.157
546,Biron,Georghiou,bgeorghiouf5@psu.edu,1DLRQVFzaFGMS8TXcdVr7KgQUYnCBLhNJW,97.152.127.40
547,Delinda,Shenton,dshentonf6@zdnet.com,1DprgchuEWu2927bC2uoFVhhjHCw5y5znw,102.69.253.56
548,Dominik,Georgel,dgeorgelf7@bloglines.com,16TaNUU75G18AAY7Q8PDXFehFhbT3D4gJ2,10.161.105.43
549,Mattias,Fellows,mfellowsf8@craigslist.org,1NtLCRpFrT5oomnzFmjYTLDCkB5vzfcrAW,185.68.185.88
550,Selby,Irlam,sirlamf9@vimeo.com,16ZaqCDvM9vEBHegwe1EenivP7G83Hbgq1,164.179.239.133
551,Correy,Gotcher,cgotcherfa@theglobeandmail.com,1ErLyhtRHQcRScuejZo8bB5AWZzb3BSUVk,170.194.80.193
552,Elenore,Wheeliker,ewheelikerfb@last.fm,1Mjrv9iYUqx7zyJxjuywoWU2CVy8nRFhHx,59.107.218.137
553,Lutero,Popham,lpophamfc@microsoft.com,1Cthvovv3xzCdehH81ca8XqbjwTqP3kjEJ,30.194.158.231
554,Ronny,Vannar,rvannarfd@unc.edu,1NAqPjr7EmxUAfcHd9ppNtaPUHQL4qJ8CQ,144.69.109.238
555,Syman,Jime,sjimefe@goodreads.com,13UNt72NNXqsFKDAvLewucfAR9wZ1XFGZL,224.36.171.155
556,Chauncey,Botten,cbottenff@google.de,1NBvysS5qQ5a2SeuyBLMbapKB8aoNPjamJ,99.43.207.136
557,Vania,Yeowell,vyeowellfg@nature.com,1LDKAeaV8ngnXTDJ3248RXxeuZpGmuWziR,63.181.126.54
558,Paolina,Craddy,pcraddyfh@wufoo.com,19MxZM8R1zEShxvvhdQXUVeKxtskkQb7nw,172.5.36.219
559,Adrienne,Tunkin,atunkinfi@shinystat.com,1P1TEz2CySPCGCn1R5Wiiut4wWuXPf9MLz,101.192.79.43
560,Tobe,Goscar,tgoscarfj@wikia.com,1DosrxPspMCdyXKqSrPsA2SNQ3i6S8p2sr,235.120.91.94
561,Bord,Cloute,bcloutefk@unicef.org,1Y9ztwosdcozevCm8DoeEMuAE3HhUg1zc,219.114.102.77
562,Lyndy,Burchnall,lburchnallfl@shop-pro.jp,18KJUQbjpCUDbtbmxwVrPU8C1ktjqi3fGF,72.33.42.10
563,Jo-ann,Desson,jdessonfm@fc2.com,12b5aGarL6zBWu52dfC8j53fRv1J2gD4tM,33.14.72.92
564,Paolo,Everington,peveringtonfn@posterous.com,1BoxHZrvhAqQA97QaWCsknfMAMckrtQaP2,81.54.17.75
565,Ronnie,Lumbers,rlumbersfo@tripod.com,131pESLSLKWRzQeNXqRcZpcLvJvhxDcFSW,34.196.50.70
566,Karylin,Almey,kalmeyfp@auda.org.au,1GyDu8VE52gekDCnS4Qr5EwTW2jmWKVZKt,128.16.122.114
567,Brook,Patise,bpatisefq@ezinearticles.com,12j2GdRcvbENMVCvW9sfnmMnayHejpPXdW,4.148.15.101
568,Doloritas,Backshill,dbackshillfr@pen.io,1NZKonLXP74Jfdi94ySRPnVNB1SFjEo3bD,243.85.198.100
569,Kettie,Simnel,ksimnelfs@example.com,1KC3vLcdFpDgpM8Rwx6mZtPt1chw87Uqmc,135.50.208.241
570,Cariotta,Starte,cstarteft@instagram.com,16eJgVtKXrzpPgMpLYZXDMaCjEKX5GtYHM,37.44.160.248
571,Ella,Mullenger,emullengerfu@ocn.ne.jp,1Es6V1NTMvJebDX94svuCoZ7V2A3ZttsRg,129.61.192.161
572,Hollie,Gayter,hgayterfv@addthis.com,1JaZ2Twpt8LCzV7H9ZY6AYSGufZPiouQX4,40.248.181.89
573,Parrnell,Puzey,ppuzeyfw@shareasale.com,1E9b8a6qKYm2CB7vUGUQvEnntRF8nKvyat,169.150.58.25
574,Randolph,Loghan,rloghanfx@joomla.org,1LC7cv6DDdnbnEh5WATRzVFysFp52evUuh,238.127.235.109
575,Griffith,Fursey,gfurseyfy@ca.gov,1BrX7pcRMashZn21bMevwqjJpRyCKKFs31,11.73.238.206
576,Vanya,Netherwood,vnetherwoodfz@histats.com,135vqwoBMDFsZvntnF7LcFJzXVDYbDuVTP,120.217.42.78
577,Winny,La Wille,wlawilleg0@edublogs.org,1FvK1wrhqeXvLkyH943fYZPanPJSn2wZ2N,143.210.166.200
578,Randa,Sulley,rsulleyg1@bloglines.com,1BwDLrJ9YQUQ93ZVHG2mdJ6hHx9WLkFwp3,248.74.189.162
579,Christina,Brunnstein,cbrunnsteing2@shutterfly.com,1HqmcxVHfJNvzcUpvDr9t2H3WupGgiTEC8,176.197.150.49
580,Franny,Moulsdall,fmoulsdallg3@drupal.org,1Ac7fbnzGt3zVfvVVxN8GRHUqDiETnFeVd,224.78.105.160
581,Bruis,Sherel,bsherelg4@360.cn,1Ah4UqLUVW4cAVBUXiQ9rj5nNrEy9cjtG2,144.50.164.143
582,Nichole,Ribeiro,nribeirog5@sina.com.cn,1PNKQg4JCu9pSoFUdfL5Bd3m7utPbvTK8T,78.145.33.19
583,Nicolle,Pilfold,npilfoldg6@fda.gov,1EYpEyShA64xXGseC7HaXxrY1QD2orC2AU,74.179.82.36
584,Adria,Eastam,aeastamg7@gravatar.com,1HvGqsqarrFyuo9gLF6G8w15FsmAnympLb,110.39.181.214
585,Alford,Lohoar,alohoarg8@who.int,1L8rUoxiiHo3VqzFHKm93ioJM8dyMFrm8m,149.207.179.126
586,Kerwinn,Drewet,kdrewetg9@bravesites.com,1PbWbt21hTWSnytvmSpyvzxThEqXH9Dqrp,213.67.81.3
587,Justino,Clearie,jcleariega@cloudflare.com,1Ltm2ampFGy1ADLhawaJYrG379K8vR2Gu,162.117.73.119
588,Freddy,Livett,flivettgb@google.co.uk,1QKEYv6s8pWrcNSh2KFZnToGSDZnbPMJHm,129.67.195.41
589,Lenore,Haskew,lhaskewgc@auda.org.au,15Y6FLUWwCzx9duBJUAcriQjeiRZcgeGf5,120.32.118.225
590,Miriam,Jolliman,mjollimangd@ezinearticles.com,153NKyaJmNFREySGuoKpB4MrhX3dPJfufd,56.6.191.152
591,Allsun,Hartup,ahartupge@lulu.com,16UdYog4bhYhLS954SDz81dKgo35xfX2cX,166.78.38.248
592,Hagan,Juza,hjuzagf@about.com,1CbLqzYNvsK4N2zo3hPGJdvmwN5mYKxAFT,223.192.139.126
593,Marie,Felgate,mfelgategg@etsy.com,1HZiqxzorEQ3qAQJL2LaUuzREsU3YA9kHD,48.215.173.64
594,Ardelia,Lorey,aloreygh@mail.ru,1Hy8zuWfx3MbfFFwjJNgRBW7fgo9gZg5Rz,93.231.36.207
595,Devonna,Goundsy,dgoundsygi@ask.com,1DbaWV9Cta9BsVwoQdrs8wLCnwSRNtn3U6,102.130.17.48
596,Adaline,Jaegar,ajaegargj@homestead.com,15njnYwweJ6m6VqKEmTRUbLGMBtUyi3iDA,68.55.129.37
597,Jillana,Gaishson,jgaishsongk@icq.com,1NfuiA6iYxbT7SfrJMvE7kG2BNFV22uQRf,57.2.29.243
598,Heall,Djakovic,hdjakovicgl@tinyurl.com,1LYkBF9XyLEJf5kmSqdH6hxUGJ3Ue3bS8a,155.229.149.108
599,Ashlan,Roubay,aroubaygm@tiny.cc,1DnKTK8Cv7BQmtc518EdW2Qj9Wc7P641qm,194.126.155.63
600,Rodi,Tweedlie,rtweedliegn@studiopress.com,18JG4T5zYzgEJqFyy71JDWSGyZ3GKpgibV,208.194.208.132
601,Brittni,Heigho,bheighogo@ebay.co.uk,1KipraEhAUchqpFsVmyJY1hkNXSKP7k6fS,177.206.61.165
602,Benito,MacGinney,bmacginneygp@wisc.edu,1QF4uY122Fm77kQFwk2zvLiw45vqUP6p83,135.44.137.203
603,Bruce,Heamus,bheamusgq@ustream.tv,1Ajxdh5nE3BbvFyChXeZmEkojHUY3APgqW,0.184.16.124
604,Bethena,Horbart,bhorbartgr@discuz.net,1F6Abs6x6eCZShD9PbpscGbo68He8ivf4V,74.123.183.32
605,Giraldo,Adolfsen,gadolfsengs@mashable.com,1DrWhytvXUSrFYKQo38w6D3HJdgQFBwNZP,51.99.222.54
606,Emelyne,Luscott,eluscottgt@yelp.com,131U77etvdBFTBzXKj3ADfYryfMAsmNiuA,161.97.120.21
607,Querida,Infantino,qinfantinogu@craigslist.org,1AGREseT7a46iMCgvrAgwuxFgizQwATkjp,107.132.2.115
608,Jessi,Blackeby,jblackebygv@phoca.cz,1LbJ5eaxZQfScsYajTcriJxsfkV66jZJAW,51.76.163.90
609,Cassandra,Helstrom,chelstromgw@sun.com,1JcRN7JtUNi6j2BsWzsarEEa6UdCDTJMtc,188.153.233.187
610,Elisabetta,Tewnion,etewniongx@baidu.com,12X751q9zZbzF8HyteQASSe32LwbsRD8gK,142.217.57.240
611,Siffre,Lamprey,slampreygy@cafepress.com,14VkqFxhoxMUrkwSy7YQfKfKMUGVWMLuez,231.203.223.84
612,Salomone,O' Hern,soherngz@rediff.com,1E9SLk2mJPH5RDDdSUsxJ52RsftxRN1q2u,118.86.105.135
613,Shadow,Bayle,sbayleh0@ameblo.jp,1Drv1deycjLWjucKPBfCyqCxrKHdo2jNzF,162.76.86.140
614,Dale,Hamlett,dhamletth1@irs.gov,136AU8rqKG13Y1gYecTk6BvVd3tNJpYbUk,79.159.183.208
615,Eugenia,Reddoch,ereddochh2@deliciousdays.com,1DZMHWgLVDqMp2nZv3eoespzVWTkY3MKMv,187.180.13.111
616,Thorvald,Sweetsur,tsweetsurh3@sciencedirect.com,1889gn1a6zRG6bhVruHRH3rCcpdF1aPtkA,144.96.115.165
617,Jilly,Menary,jmenaryh4@livejournal.com,1DT2yyZ18KBySsy7F3uxu2988eZ97WfBpG,94.234.61.177
618,Christine,Simmell,csimmellh5@accuweather.com,1M5PkF6ucAnQzmAUZBRYhBnTqPmAioPX5W,14.224.102.168
619,Norrie,Balston,nbalstonh6@stumbleupon.com,1D5dYSVC2fqh7iey9GA8g9gfSqJXfUTBmw,181.32.140.98
620,Tobye,Clemensen,tclemensenh7@yahoo.co.jp,13YKrAYYUDGE1k1pkAyiDXTKX2y3epWx5P,249.191.49.158
621,Ursola,Scantleberry,uscantleberryh8@vistaprint.com,1DRgy3hj35xtQ8m8j36LAzSHJEr54dUpfb,206.235.32.45
622,Charlene,Jaquiss,cjaquissh9@va.gov,18gAB3kMTy8CJo5YC9GZ1axDWvgFbrVYwo,131.247.197.120
623,Dinah,Tourry,dtourryha@plala.or.jp,1KJPh8xVrc1JPyJVfdRR4m1gTuPjshfqYB,85.78.96.190
624,Konrad,Markovich,kmarkovichhb@time.com,12EiutantLzE8aAF5XuKyDGxfwdeKX3Vqk,85.230.85.136
625,Clayborne,Sibbering,csibberinghc@eventbrite.com,1Nsza5KYzaFKTiytbh9Yq87aWVgMPj6EN4,172.108.223.143
626,Darrel,Pickles,dpickleshd@about.me,16J7haw84Cr9W2C79yGdQzukZEhrCD2L6n,117.20.254.115
627,Maria,Mogra,mmograhe@upenn.edu,1J6k7qrmdTgn3GWanJbqHWM2VVWwZmyx8q,248.13.39.71
628,Scarlett,Vidgeon,svidgeonhf@furl.net,1AVBDp9ukqtH9ewpxdfoiKne7pBQtysiAf,43.212.146.125
629,Perren,Melding,pmeldinghg@webmd.com,1Cjhb2kecd4Ckg4f7zZrpmT6AEhcw7mdYj,49.198.144.79
630,Tommi,Matt,tmatthh@purevolume.com,1i2Cav6nEZL3CXYg14hbngffpjJ59g9sM,17.30.71.140
631,Elsa,Bleasdale,ebleasdalehi@barnesandnoble.com,1MUrKWXNpPkQuEKtt9Z1dfkY14L7gU4mGm,59.100.128.180
632,Kirbie,Stobbes,kstobbeshj@scribd.com,1EZuMV4Fe3TbPaFYenfrms4FZhRwMDDuPb,214.235.61.44
633,Debora,Shipston,dshipstonhk@theglobeandmail.com,1NJ7PtxuLYmFotnKbhukgNhHwHLSSrhZ4X,78.244.128.56
634,Carmela,Lingfoot,clingfoothl@topsy.com,1GEs9fTXbxL5phiQkXwKVmrLzbDrBYoaXD,186.101.21.238
635,Aline,Coupman,acoupmanhm@gizmodo.com,19KSJytgfsNgd4Y1Bv2iiuQ7wXimDmBw27,33.9.20.236
636,Beniamino,Kynd,bkyndhn@mashable.com,1NWAsshtN8LrAdBEjRRhSnKYtjUNy8G3V9,29.169.232.97
637,Sharleen,Mongeot,smongeotho@sciencedirect.com,12hbHtdMRhrmNLBcE8WUKfRg5oXneJvNZ4,53.168.80.134
638,Rich,Covely,rcovelyhp@1und1.de,1M8gAKgKT56jA1LS6cBg3ihmEkMu7xtR3j,135.126.9.152
639,Marna,Wrigley,mwrigleyhq@ifeng.com,1HiF3x4ZRebSC8qDNTuigShaJEdye1YxZZ,37.67.205.63
640,Fabiano,Joist,fjoisthr@bloglines.com,1FCmtGcoGnZKfYpt53g2Rq3BPjkgByPptk,211.226.233.154
641,Ashleigh,Fratczak,afratczakhs@chicagotribune.com,1E3L2GEUwJdshHfooLSX3GCmriJga7Vp1H,77.227.94.245
642,Karly,Offa,koffaht@gmpg.org,15LwVsiKeymyQ6avCqrNT5Mtac685Gnxpj,124.69.215.83
643,Jamima,Chrishop,jchrishophu@myspace.com,1A7zpFfHMyKjn8a4Bq5pkfc9sNXHgczBNa,187.36.221.122
644,Free,Penburton,fpenburtonhv@sfgate.com,1NTwaCQmNNP5yJ3dLkTsbAvXah7qmsubUP,245.24.71.22
645,Naomi,Downse,ndownsehw@scientificamerican.com,173qX6mwELjFJgni5succgbfbvP9d3y7SL,47.33.182.40
646,Webster,Yerill,wyerillhx@desdev.cn,1JZHuuvj6pdGsyH7DfFm8a2qWt9bKhnXwY,6.110.40.113
647,Ilysa,Recher,irecherhy@vimeo.com,1B57hZqDYobY695WADjE675WbeuosjjAoa,143.92.209.36
648,Merrick,Holston,mholstonhz@joomla.org,1CsKAQrP9fBUDNjCk7qpMh6SSDyabTEBcT,105.163.148.130
649,Lonee,Newrick,lnewricki0@weibo.com,1FNkMwEiL7LWmuvESqLKNhYEETe37c6sM7,234.22.3.32
650,Adan,Aireton,aairetoni1@vimeo.com,1FfYEcTSbKLcETrHt4B1Q9quVnNAFY85VB,94.241.156.211
651,Tori,Abbie,tabbiei2@amazon.com,1H6VAzCEQTA3qXkff6Ykmk4D2nfCuFutZT,163.69.7.66
652,Elberta,Balderston,ebalderstoni3@bbc.co.uk,1BCeP7bTtWE8F4nqakpycScYuNNJxAWRRD,37.118.250.170
653,Kiersten,Sturgis,ksturgisi4@google.com,1FdAA5Zk6fDeHaqAYtsR34ADdn1kn9of7T,205.148.110.251
654,Kendal,Mityakov,kmityakovi5@sohu.com,12eSefgyA7psEhFsM45gEk4iukFVaFp4zm,8.13.155.144
655,Rustin,Landeg,rlandegi6@cnet.com,1Niab9KYgg6QB3h5XYptjFaQP9VYks17et,6.100.248.191
656,Talia,Partrick,tpartricki7@tripadvisor.com,1NQgshMPsY9WRC5e2LwDGZNHTdaKSuLaoZ,46.3.184.77
657,Hetty,Spark,hsparki8@gov.uk,13xTGmp2GijmjrsP2Fm9b8DTHRPMTi3Wzq,160.241.47.101
658,Lucie,Pundy,lpundyi9@globo.com,1QDHY6exriw2Kf8CjUb7xftPP512zu4XSj,174.6.216.195
659,Ashlan,Carillo,acarilloia@de.vu,1XJrCZ6Q2aXhXBdWKX4H9uNBbrX3am3AM,148.105.109.71
660,Eben,MacPharlain,emacpharlainib@samsung.com,16odgVngDQzfS8MRwb3a6Yjj3gEFzhRavB,21.212.104.199
661,Theodore,Mynott,tmynottic@skype.com,1JyNeyE99hjfhjh6Yvdd2U4MdhPfXHLTff,124.0.239.240
662,Budd,Piet,bpietid@chronoengine.com,17LL7XV9ia3Lx3ygCE1SgEr4pJ1NLL8fkH,112.217.115.7
663,Dyanna,Fiveash,dfiveashie@com.com,1Keux1Ff4NboXDrHbFzGQKYNCpLs6igefY,86.188.46.188
664,Augusto,Watsam,awatsamif@walmart.com,16iUb67UtVCTAcAeGy6gxRaFDopMzomdDW,134.124.21.44
665,Clayborn,Arundel,carundelig@mit.edu,1KFmXpXinMTq4PRwKDbpgqEsN2fqjEvwb7,4.29.113.26
666,Meyer,Jossel,mjosselih@geocities.jp,14goRQeL4Kj7kh3ozyrEGeVtYyfHPWDrME,36.2.14.37
667,Christy,Grafton,cgraftonii@github.com,19ueGetHgYJ6XSz3gfMxvT3FqzFeJ6U1Nv,126.251.148.171
668,Bram,Hurdwell,bhurdwellij@lycos.com,16vrNp27MF9kF7QsAjCrafo7i2Xjc2zjKL,216.7.149.4
669,Felicdad,Hurton,fhurtonik@tripod.com,1FAkE1M3xVFpH8sb9Xv66SA91gzDKrgobt,174.201.25.239
670,Lela,Vinden,lvindenil@mozilla.org,17KyPyFUbHWqqD778jwf98yRYAtYi2ybMN,122.159.111.133
671,Benyamin,Aplin,baplinim@ucsd.edu,16ojSAZR293jCr4g9eieq4RUJHWJbKrBAr,80.38.90.230
672,Jamie,Scouler,jscoulerin@va.gov,16vhikfF9Xrufu6jMwntdiDWs7NxYga7dw,116.151.218.161
673,Linn,Scad,lscadio@taobao.com,15gPVZZJUzSwViyNNi5A7TpqydFRgykyT7,234.23.143.79
674,Aymer,Nevet,anevetip@rediff.com,1NvzGDJaD1aWDia1D3iZhmZehbTAMaGEDf,180.1.200.32
675,Kerwinn,ducarme,kducarmeiq@twitter.com,1DUMHNLLx987XdEppQ6Shmkzmt3APwe7Vz,50.127.78.155
676,Rhody,Boow,rboowir@java.com,1Kmfhiyz2uXKTMLyRzBKW2HfYN4Z3Xi53p,84.159.40.140
677,Yul,Mauvin,ymauvinis@vistaprint.com,1EXGqC9ALz6iijqkFVRt3fGdRJB7ut8oZ5,183.247.135.15
678,Raffaello,Ruttgers,rruttgersit@epa.gov,1CNfdQeowzXbUQujy14EbiW9DUB9XYwXee,179.132.68.94
679,Dahlia,Deignan,ddeignaniu@slate.com,13Jm6pP2x2VaPmyYNwKFpxsy2WY1ugtf2g,146.35.104.180
680,Valma,Fibbings,vfibbingsiv@weather.com,1PR8WBb2fmpMxcG8YZVFecruegwboFdj5q,27.11.81.15
681,Kaylil,Van Son,kvansoniw@bing.com,14DETdH2ayqLKACvJhHV5WhBw44jGpWa5i,181.77.102.224
682,Blondelle,Dukesbury,bdukesburyix@bizjournals.com,1J1RPn2KzakcbyQ6qnjccHS2zPizqnz6Cw,211.102.147.93
683,Tallie,Lorand,tlorandiy@cdbaby.com,17ELjXhsZpsvXnbzFL7cm36pEFYxgQncAB,155.115.223.89
684,Iorgo,Elsmore,ielsmoreiz@deliciousdays.com,1KsKoPajYbCMCKx9mD5iYgV3C8E8TxXaYU,244.219.46.162
685,Seward,Tinner,stinnerj0@tripadvisor.com,1ERJfCvJV3yKmfEPs3qdaPkjWYQ1yJ6Gg9,253.120.48.82
686,Tatiania,Duplock,tduplockj1@wired.com,1JHdXh319HGNfpiMA41fHfxuDx714xY6ZY,211.82.54.176
687,Jessee,Dufore,jduforej2@paginegialle.it,1NtwCiLhDrEU8hLdEo3ab3GbjFKfqewc4w,15.63.43.20
688,Alta,Fishbourne,afishbournej3@devhub.com,1K1wc8rm1HJXT4xCNBZHRiV2ULB7zq8gQZ,73.43.126.84
689,Malanie,Caseri,mcaserij4@instagram.com,1BkZDLM3E6bMCiD6UFTQ7fAspmiHEeu3pm,6.153.115.204
690,Manuel,Mawditt,mmawdittj5@nih.gov,16s9rkbjmGPdTzn2abRDtigwSuAi5QJpe9,202.19.179.71
691,Ellene,Gayther,egaytherj6@geocities.jp,14r5hFwaHyTeArnBo6kjUHRho4Z6F61WFc,115.44.95.129
692,Constantine,Coche,ccochej7@vkontakte.ru,1KyukaGGhifyW31fPSyTxBHsNwmhd8JwZ5,96.148.70.31
693,Valentino,Tower,vtowerj8@examiner.com,1KEwehibccWT9jTiEcup89xGXquAgLZaUx,17.183.170.112
694,Aldo,Datte,adattej9@barnesandnoble.com,12ShTuU9HdGkguE1yPskycBHWwF21pNe67,230.85.162.108
695,Roosevelt,Flanne,rflanneja@dailymotion.com,112PAhkaG61xV2oQ8mifjJdWLoPezaM53V,123.237.195.158
696,Nikkie,Torra,ntorrajb@ft.com,15aAy1rzX8U7tszV59HZZuUtgjFsvWfzox,178.246.110.74
697,Glen,Sommerland,gsommerlandjc@discovery.com,1GQakyW1C4uvrcBMLmQo1DvnFemKDnMzmB,194.201.229.243
698,Trevar,Knevett,tknevettjd@shutterfly.com,1BXiFyTWCZrcJuKUW5cTtjYMgoaKHBjAeu,18.1.23.93
699,Forbes,Flintuff,fflintuffje@washingtonpost.com,1C9BxoWf6YG2tGnLSdtBzrWCFBJAPi7U7K,141.199.137.6
700,Justinian,Filochov,jfilochovjf@istockphoto.com,15pjWp8psvtBGRixRyJFXa8YNXKkapKhAc,96.71.99.171
701,Michel,Dando,mdandojg@prweb.com,13rK8RM2ThiDiJdv4eLSDu52qvw2cvbxBW,197.71.51.227
702,Edan,Gerdes,egerdesjh@addthis.com,1KzdJee6C7VN56MG5QyMX9jHvXaBb853rA,140.49.58.104
703,Dylan,Kordt,dkordtji@washington.edu,1BpuydwK3X3Svfft6KCRMpYUCD75m3Notc,64.49.6.46
704,Martica,Balf,mbalfjj@europa.eu,1ADXXbmSjbkBx9Dq6BNfwVKfvEdcW6yQbq,165.165.237.17
705,Stacie,Waldie,swaldiejk@shutterfly.com,1DqpnJG9uE1nWKgjYroDFMAB72tYcFM1tf,18.160.140.119
706,Rosana,Ayre,rayrejl@fotki.com,1bH8hX83KwakksRrvn4Dm7wNhUrT4x2Ej,77.129.69.143
707,Scott,Sainz,ssainzjm@apache.org,1JvBmWDE3dXdAGPYkhLFcUFvXMGa6kFWdN,67.47.88.157
708,Caren,Colbourn,ccolbournjn@gizmodo.com,1bPhZNj8TqUpCBWu6iBRvXHrV5R2fTRTP,146.252.96.168
709,Herculie,Lawey,hlaweyjo@soundcloud.com,14W6MgqGMGkCEEyuX69xaVU7iHttfqZDV3,242.138.195.53
710,Gwendolen,Kures,gkuresjp@1688.com,1LeLv8nC7a8Ja8NaXH7JE6VGCnxoK35X2r,196.120.35.242
711,Neddy,Seymour,nseymourjq@si.edu,1JNM7wkZjNSGEsTNA9qmN6xvZu2gnppHhG,142.182.178.58
712,Rafe,Comfort,rcomfortjr@apache.org,1HyQ1vxd5bA2hS6Z8WSpG8XXQarS3RLsGu,81.179.6.139
713,Kassia,Habberjam,khabberjamjs@nyu.edu,14vaqu3P2bxiQTfpYQGvnfrhP1Nw4z5qVR,237.18.154.40
714,Godfree,Boggis,gboggisjt@simplemachines.org,1KoQtTvdRRhrHFPYUtw1pz7hBwUM95H8zH,16.110.53.8
715,Vanessa,Burke,vburkeju@digg.com,161nhoaYqnk96iYtrSMAr5sHF6Qx7ujenZ,112.139.225.247
716,Simona,Harvard,sharvardjv@lulu.com,16cWBYVhDDcss9gj9rYHHmGqWqBdaocv9z,47.32.76.142
717,Hallsy,Coggell,hcoggelljw@utexas.edu,13cKwsKdWkdQmWGLnnuChPqbHpeQptkvXF,96.229.163.206
718,Mariquilla,Bortoloni,mbortolonijx@google.com,1FJdFrTCqs8BPFHTk77CMoPh2CB8HRPy2N,227.68.210.126
719,Mufi,Minghi,mminghijy@vimeo.com,19T6rg61e4JnMdnRAMxUVgWuLhyzdkjQuu,206.232.234.98
720,Mandi,Housecraft,mhousecraftjz@jalbum.net,1FYYrWhZntK2s6VQtRRxAoFtLVFJ5JbTUF,142.213.198.168
721,Harv,Lavall,hlavallk0@jigsy.com,1PtTJMSCz7is8wNvGDFsZVBB8XPPMfDS3J,136.128.220.123
722,Meier,Crankhorn,mcrankhornk1@umn.edu,1LpRJJW9gvA3WKNffzrpLu1N9JU9SkLU1J,232.95.220.127
723,Michele,Chaperlin,mchaperlink2@tumblr.com,1Do9Z5PwA9FR2iWwTr8reaM6TMgEs9r1LX,132.129.122.124
724,Clair,Reason,creasonk3@seesaa.net,1898V1ii8F6xxZwgM36zHar5yfMHQ1hvka,178.3.133.125
725,Graig,Roswarn,groswarnk4@slashdot.org,12bUJwEMkzaDvqLFEUGnEYZF6Y8N4WYznA,90.80.255.10
726,Kaiser,Pierce,kpiercek5@reverbnation.com,1AzC4GasHUMqNSM3riRtGUpwmjF2aSnsjd,63.90.112.52
727,Corny,Dolohunty,cdolohuntyk6@deliciousdays.com,1DaDqB2NoNpDrQgqWqJEMG427jdUx23wWU,83.157.44.25
728,Fenelia,Winstanley,fwinstanleyk7@omniture.com,12vbNAKQeEKejgEpChgtwcLJzkpgtjMvLj,46.80.7.135
729,Trumaine,Luparti,tlupartik8@twitter.com,18J2nLEiFNfjfirvQbYXjjkTtALGctxabf,241.208.235.165
730,Eadmund,Kensitt,ekensittk9@auda.org.au,19zJwJo4f74M69tErsaMhorXCnMPZoWFTm,194.3.181.234
731,Delora,Karadzas,dkaradzaska@wordpress.com,1PvstJJd5FALuDfhbda5ytg5y3h7Ep4GGz,232.193.229.190
732,Rene,Tuley,rtuleykb@amazon.com,12AVUQEfeFkNdzbcA4iZorskzsRpxFGpNf,202.81.8.243
733,Cart,Danton,cdantonkc@theglobeandmail.com,1Es2o3FVxFoDzLL7UfVwnUGCbampJRWjEo,139.243.221.227
734,Stafani,Westhead,swestheadkd@hp.com,12gmZvrxi7CcKWDucZdPHVCYU4Qxg57RKQ,161.75.166.45
735,Vince,Chiene,vchieneke@ucsd.edu,18N1YiLC7LjsPMNosj9PpGWCGNXJmxmEvC,24.225.194.95
736,Martita,Thirtle,mthirtlekf@craigslist.org,1FzTUQREi5vzkEMoKkmPdiL259k91cDwb4,180.135.145.148
737,Fonz,Awdry,fawdrykg@homestead.com,1MzBknth3Yb3nuWLmCztf7yS6896WgdfYK,255.155.51.185
738,Ash,Costello,acostellokh@oracle.com,1EXYrqvKf94Foq5gjj9q5vwQFPSXJ5sT6z,203.181.13.113
739,Charlie,Wallington,cwallingtonki@hud.gov,18N8EhQ4Zi5fy7fVk4XzD8RdQ8E1ReiNi9,62.240.100.87
740,Babara,Sinisbury,bsinisburykj@java.com,1fXzF11GDpEBiaGZbfzQ3oGTS8fFXWgNN,110.55.40.244
741,Kyrstin,Egiloff,kegiloffkk@live.com,1EqThY4mkSm2Py4CnamPvEaEiLiG6hoWne,104.165.185.87
742,Ethyl,Longthorne,elongthornekl@gravatar.com,1MiM6QgDveUGj9H9X9h3x7tcyhNhFAwPAZ,144.88.54.135
743,Harlin,Staggs,hstaggskm@weather.com,1FvS8jU4JmAmJtwuwgb2PJAvozf4AMwzJy,76.240.46.65
744,Judon,Suscens,jsuscenskn@printfriendly.com,1yaeNoxn79m8WEeBQjvND5MH8L9pBxJx6,141.247.233.66
745,Culver,Chasmer,cchasmerko@wsj.com,1A5hX3syzh1X5Ss81hqzNDMn76mCQGKbWi,218.214.110.157
746,Tracey,Adney,tadneykp@lycos.com,1Dn6SL7eFkNRE5vAHkTZY3ZKBpPEemx2zT,91.239.7.176
747,Carla,Mattocks,cmattockskq@cmu.edu,16sbvHkMmQk7TpYa1beKbNLM7TKDnYEScW,99.78.13.174
748,Tan,Chanson,tchansonkr@mapy.cz,14BmKHGbt78iYfKArJE7omqCdJ8ydmMuQc,54.36.121.124
749,Gaspard,Dovey,gdoveyks@europa.eu,1LTs4jZozhzfyqZfcJw99Equp8cr3iFzSs,120.11.104.26
750,Ervin,Heeran,eheerankt@arizona.edu,1MtS4Mm7nkWjm89MM9Wxk2f5Yb5ZmY6aNr,195.233.231.164
751,Doro,Peile,dpeileku@tmall.com,19z7jvySUUdPG9rQCYsTNF49cG1b73VwmF,72.146.251.45
752,Jeanie,Kiln,jkilnkv@cloudflare.com,17xecDX6gFC46PrYbufLZz5SGKNigi1rFU,76.37.104.159
753,Cory,Swinburn,cswinburnkw@yahoo.co.jp,1CmhxJHUwu3SiUCiKyh9QqWmtpTk7riatx,236.30.161.66
754,Forbes,Flacknell,fflacknellkx@discovery.com,1Jdr1Wnfw2fTJYXLhsoBS4uCzYr44Nmz3s,59.186.146.251
755,Edvard,Carlino,ecarlinoky@t.co,19ub6mdNHdMyXMvHzuCVJQUFCoaU7fLmJF,172.238.195.20
756,Harris,Wharmby,hwharmbykz@dot.gov,1D3FP73nzqKYDbRfxnnvEQKqpMuk14jFre,13.60.149.235
757,Florance,Lillyman,flillymanl0@csmonitor.com,18yiYb8tFzzxfMTKWCpkYTCLhyCeV3zwMP,51.7.122.26
758,Barron,Capelle,bcapellel1@so-net.ne.jp,1LaZSKsqQV2uNAby48WH8XpQitmK9WAbpu,88.105.64.58
759,Giulio,Percy,gpercyl2@seesaa.net,1M333Ek9do3usZyPNSSwL9qLdzv1JR4q8M,185.182.124.134
760,Clarie,Normanvell,cnormanvelll3@utexas.edu,1EQByDqYnek5Ewuhvja1u129SNZ6i4dvxd,203.57.108.169
761,Deloria,Davidi,ddavidil4@berkeley.edu,12wJVjTpVtmAAEunWwxzstxw2tgT7bTJCa,208.3.45.47
762,Chalmers,Stoyles,cstoylesl5@drupal.org,14jWyBWFyeR2b5EtB8u3bVBWweHfJgaz4i,94.136.233.119
763,Matilde,Scrowby,mscrowbyl6@uiuc.edu,15gUfVhJMnn4sb66MMCVXVEwK7GvGkjHoc,120.215.155.101
764,Natty,Hullyer,nhullyerl7@cargocollective.com,14BhmUTWZZ4h2jkk1VN5QLUUG38sHjmvda,54.176.89.82
765,Katusha,Neilus,kneilusl8@google.com,1DR51v9bzXij6zWoXJtnn2YfnSYYSSRrZv,87.31.7.62
766,Delbert,Rizzone,drizzonel9@google.com.br,1LLQdAHjCvVjKUaGaKdA58CjACCJWDYoiL,57.36.53.69
767,Adrian,Edmondson,aedmondsonla@geocities.com,1356TiYSUsTQYmcsf6J5aEoPkPtVYEUV57,229.87.164.57
768,Timofei,Vignaux,tvignauxlb@prnewswire.com,1591yNBnL13uVs4KsKFqeMGxgRFgE74rL4,123.11.35.241
769,Willard,Castells,wcastellslc@jimdo.com,1Gqqoi64XfvJE6EhqdLr4oMiETFyqQtsS2,11.80.40.181
770,Nathaniel,Reston,nrestonld@yellowpages.com,1D979RWurZxAjWdVQcmUUshCUpftWGjhEf,111.74.80.16
771,Kass,Gerner,kgernerle@yellowpages.com,1Nweq6rFhUsYhs1mqNHnRWoXT1pLbMzSyp,217.253.229.255
772,Basile,Ondrich,bondrichlf@bloglovin.com,1CBnhpNtH9MxwPuM4jdmRwQEFUSJ2wsqgn,148.122.192.240
773,Lionello,Isabell,lisabelllg@privacy.gov.au,1PeyzeGkSXurnJMZECT6qX5aycB4o1k9Bt,131.165.127.198
774,Janis,Forker,jforkerlh@answers.com,14TbiRzJDpDdzUAiyf5no2KBkqz87v4nLp,191.122.227.54
775,Erastus,Battersby,ebattersbyli@instagram.com,1Ew4zp6CQSnq1FpFtSUXvJruSFUajDM9xS,222.81.28.176
776,Doe,Handling,dhandlinglj@fastcompany.com,1C9sq5DmzUsu84we2aoNniPoDBoNAF7rG6,124.153.239.182
777,Lane,Woodcraft,lwoodcraftlk@godaddy.com,156vXxZUh6SeZzJAKJrTucPdFWMKXD1GXV,100.224.22.128
778,Thibaud,Radki,tradkill@pcworld.com,13GkoZEEUcLScCJAajLSRf8svtKMXK8uBo,213.236.169.6
779,Daisy,Wife,dwifelm@trellian.com,1L384FggS836msrwLEEHEwkvSU4hRj6i9x,179.254.117.200
780,Kahaleel,Wilce,kwilceln@amazonaws.com,1PLc4UaXJHgjRz6guQNy4iuc1r7Us7LfHE,15.43.74.132
781,Cello,Hein,cheinlo@cdbaby.com,1ACdK3NAmgAg5of6tCTcAesQfyVaccHkAs,169.25.106.253
782,Zitella,Pohl,zpohllp@people.com.cn,1AZq6hkrp6vYF8KCVkoUVsFgF2BLxNQT4a,200.215.152.65
783,Dredi,Renfrew,drenfrewlq@hibu.com,1NEHQepHdtJcKjgHet61GaiSJznfEquv8N,160.152.110.9
784,Rube,Ells,rellslr@economist.com,1LAZ4dzat3YGydui9UD73JngVjMRWXAwEM,251.213.88.226
785,Helaine,Briatt,hbriattls@example.com,12K8Xiv8NZQUQMQU5TqzZhsV5rSwiPGx1w,238.191.5.187
786,Barron,Benardet,bbenardetlt@bloglovin.com,1DBjLe8ra1wsVQyHgSfuvJGY5AqjbbpWuS,64.177.8.211
787,Danice,Guillem,dguillemlu@mayoclinic.com,16tmsTrZyk7qCTbFr8DVA5uwaMYdDouEhB,64.175.179.151
788,Lil,Medling,lmedlinglv@uol.com.br,16YRNymFjXWU3hqtdTJ9qRt7h9s7xjcWP2,187.229.117.4
789,Charity,Ekkel,cekkellw@nba.com,19TByCPGjNzTnoEc2P7gVjiFcPb551VuEe,125.188.182.57
790,Perri,Baston,pbastonlx@wikia.com,1DPhi4uBy9VsJxvE79VrA1tzgRzHDFRHui,112.5.34.1
791,Allard,Gotthard.sf,agotthardsfly@stanford.edu,1MD49XW8bSVvSxyKpydhYmCR1F8r4aBfA,142.173.21.121
792,Micky,Trevers,mtreverslz@java.com,1AmRhvjNis44PaUMsTp976nhbyB2uuLT4y,199.191.158.57
793,Bradly,Zienkiewicz,bzienkiewiczm0@hatena.ne.jp,1Bec8gJTRnsLKfNGeNRyUac5GL19xTBSNK,31.11.193.60
794,Saraann,Spragg,sspraggm1@sciencedaily.com,1HvZzGSfBxqYsjFQ7k4an1bYdPYxT5gps1,151.85.118.38
795,Des,Duffield,dduffieldm2@reverbnation.com,1GcxQzh5Xn4uYr3qn2hC5Mt8GAwKEYa3VJ,3.227.4.64
796,Fidela,Weitzel,fweitzelm3@guardian.co.uk,1GBhiC1DqepEoRe2qNZSwTCfJQQLAp3ueC,210.94.197.60
797,Welbie,McMenamy,wmcmenamym4@over-blog.com,1KD82SXKGmy5uRJAzFmoJESqh8i8bkcsCE,113.239.139.181
798,Lotte,Bumby,lbumbym5@uiuc.edu,1EcwDmNNzT48Nq4sRQGx2CxL7QZwXvGHAZ,91.213.156.27
799,Adrian,Eyam,aeyamm6@bloglines.com,19CZ2MCSGvXJLqtNAKTQgxJt3p1ipYrZZe,157.232.154.207
800,Veronique,Cramb,vcrambm7@gmpg.org,16gofzqbaYV4Lr7PVcEdTCSx2dqmnaMxTL,120.220.13.217
801,Vlad,McEttigen,vmcettigenm8@zdnet.com,1LaLAdCG4x6iN3kuZw5HqJ4Uxg9nje7Pi1,127.152.15.149
802,Ignace,Gledstane,igledstanem9@auda.org.au,1GoXeUUoxH3ktnLhDPztQzencHE1bNaWEi,172.180.5.71
803,Marys,Fleetwood,mfleetwoodma@sfgate.com,1GdJ4P9jSuxSTTg8KekmLquiUaWw8XDKDB,46.10.41.147
804,Bevvy,Hearnaman,bhearnamanmb@jimdo.com,1QWNpZr8wQuZUtUTgtiHN6kdit3oCysj5,3.236.116.197
805,Tanitansy,Rowledge,trowledgemc@gizmodo.com,16oXMuQwb6FWDdYCdauZ6ayUFt4D7xP117,117.133.199.30
806,Jeramie,Benettelli,jbenettellimd@msn.com,15pNkA4jnADCSyX17VzVHpj2F8wkDXnfJ5,149.46.201.8
807,Krystle,Strathdee,kstrathdeeme@indiatimes.com,1GJtmo5sYenjVCPSKyk9EZh5F29ayyJgEW,92.122.148.16
808,Fairlie,Michelin,fmichelinmf@home.pl,1325xt8WBXVyGZhELMRzUcB6Dwfpo32zgk,14.41.151.248
809,Kirbie,Leaman,kleamanmg@google.ru,1Yg2QT4qG2AkwLhN3urQP3W6maZKWHRgL,156.128.163.166
810,Laure,Southcomb,lsouthcombmh@google.co.jp,1Jp4TM3ZoVmuj3uCt4tR89Qmy2biHrpnB5,154.118.233.17
811,Phylis,Tattersfield,ptattersfieldmi@sakura.ne.jp,1CbAECGunmrgKVp6dyARtsi3AMCsk96BRj,77.37.30.175
812,Randall,Milan,rmilanmj@fastcompany.com,18wGWzbPKfGqEqFuuRLeKZUY7pbXMFKHzF,61.122.91.172
813,Bink,Rugge,bruggemk@fastcompany.com,1A9v689Ee6Qh6asKjwhbvQjdnuy2JKK8z9,147.99.197.17
814,Brit,Szwandt,bszwandtml@dagondesign.com,1Gfhgv9dLJPjvoZx3rmJfcSfrzDedmVNCp,44.33.170.21
815,Marlena,Ranaghan,mranaghanmm@ovh.net,17zZr9K2mLyS5Kr4zKxuazFqYq27qp2TYv,167.122.142.226
816,Fredi,Cartwight,fcartwightmn@hostgator.com,16jSXjgw9GB2L4jhoysrAkqJRs5LEHH4nj,236.111.1.68
817,Collin,Alfonsini,calfonsinimo@hud.gov,12xuw8sfhwEBV4pXxmJ5QVfsMwBdSucqZh,115.200.167.17
818,Jermaine,Gibbin,jgibbinmp@nbcnews.com,1H6ynU7NgpPHmoDA4BUAoXf8wqnFfbRn2L,245.199.173.44
819,Sherilyn,Treadgold,streadgoldmq@mediafire.com,18njnj7SkKv3kLqStLvTZCBxDadr9zP1cj,255.197.131.9
820,Pauly,Marusik,pmarusikmr@unc.edu,1CksWSwxE3Z3ENvR2wicjsKpod8Y5hjBWG,148.187.148.22
821,Vivi,Tetla,vtetlams@a8.net,1Dtc6a9n2U3mPDt6eBZMBHLioezsy7mRbU,4.145.156.180
822,Chandler,Gregoli,cgregolimt@odnoklassniki.ru,18RBv7DgaE1g6vFCsYPQCqQ5Ca4Nk6EiGL,216.46.55.206
823,Anjanette,Bosence,abosencemu@cafepress.com,13ws75bWth3d7FbLCJy4fwtmA1HvqxptbL,19.52.227.78
824,Ray,Alison,ralisonmv@desdev.cn,16x5LYunedx2NCjCGqdyUZx8LPE9Zdu1Bw,223.225.72.64
825,Micky,Vedyasov,mvedyasovmw@vk.com,1PDdpWB6j5DLH3HBGzuPKkWFMQ7kztddrn,178.31.204.226
826,Nesta,Fenners,nfennersmx@hud.gov,183RAEVBDsB6HGF9FtH1D4YC7uLsQGGi69,91.229.42.230
827,Roana,Dibson,rdibsonmy@flickr.com,1FuVadTbMv9xwTcfZCFATXwx2VYiJv5WCG,153.48.40.26
828,Coreen,Deverell,cdeverellmz@kickstarter.com,15fBkEDQSmZfM8WhPpLTpt3naMumTFBiBh,60.123.217.11
829,Daisey,Wein,dweinn0@wp.com,1LMVhmAwpihguar7d67gZyzVVrs39WMzvW,48.96.180.2
830,Gavan,Dumphries,gdumphriesn1@pen.io,1DXAduE4jdvsYdBVz3rfCFEN31F8kjk69g,30.80.218.185
831,Benedicto,Padberry,bpadberryn2@shop-pro.jp,1MLDL4vttRaXm9mnYENxqgwxgkSD6LxcLQ,162.232.59.194
832,Cherilyn,Alldre,calldren3@businesswire.com,1AzqzAorbcoqL94GZvDfXvwGVDo9eMKJZ6,172.241.31.127
833,Chickie,Dickenson,cdickensonn4@cocolog-nifty.com,17CnjDmzSQ9UozCQcFgSmKFJsCtmgKKbKq,78.64.226.24
834,Tamar,Gwioneth,tgwionethn5@hud.gov,16JivsGw3fPVv9Lq3t3HL4DYmRZhb4FwSR,126.88.217.157
835,Aggy,Voce,avocen6@bravesites.com,15E5aR9AG8UN4hqaVEeApKJ3GZLUARvfh4,134.53.159.90
836,Sayer,Maytum,smaytumn7@odnoklassniki.ru,1DEy356QsiUqjBje8sGiWEJHBvFdyJ2Tgq,232.147.199.221
837,Leta,Daens,ldaensn8@g.co,114EdfqTTeMmV4WLByLjR1rxk7983Pjc7X,10.157.211.42
838,Ker,Aglione,kaglionen9@etsy.com,1McquwSF2Z5dttjQAfDcGxDEVKjVmCdZUU,93.46.124.9
839,Stan,Winship,swinshipna@ucoz.ru,194scW34Wevuxfw4ZdG2MNMuTVk8P1rBtH,13.205.60.54
840,Venus,Currell,vcurrellnb@pen.io,1DDmAfUb16pNt1nbacFhCvFn5AgeNB7QWH,26.199.57.36
841,Lizabeth,Aronowicz,laronowicznc@booking.com,1gNNDneEU8qbNgFMYZayM5r7Znws8tbp4,162.235.241.5
842,Alano,Blaxeland,ablaxelandnd@blogs.com,1H11eM4zxtNUjQNaH2iWps47VgcfBLQp28,68.187.31.193
843,Viviene,Heminsley,vheminsleyne@scribd.com,1G98jkeZet2XxFw5rufYvuj7z5i97KoZ6B,143.194.206.163
844,Lalo,Hyam,lhyamnf@hud.gov,142sUCw7N6fsfvCHG8CHpinZqHM2KVZrw7,107.79.217.32
845,Tallulah,Batham,tbathamng@soup.io,144pBYWEuHEGDxYarkxDMLN6Z2GBHnAcMg,97.228.193.48
846,Cornelle,Beckles,cbecklesnh@goodreads.com,1P6vvUwmmZpPNPiW2LXXF44qE7G3EufNJR,60.150.54.119
847,Jessy,Smorfit,jsmorfitni@bravesites.com,1KybtWNvjcmTrzrNUD8sx1wU7M6K8DuoHu,207.209.114.51
848,Xymenes,Russon,xrussonnj@wikimedia.org,1J6wPeRNZ3zFEvK9grgSyDmynkD1aXgkAK,39.142.238.119
849,Valli,Lipman,vlipmannk@gov.uk,1CB4zkGyyri7PPQGXm1G9n7bASofsgStQ8,108.209.38.231
850,Margery,Bispham,mbisphamnl@github.io,1E2QqBvLrAZFUNXeuihMxkqeXMe1sWswCX,171.59.96.119
851,Britta,Bray,bbraynm@cargocollective.com,147oTWp1ahDBcKCd7Ge9Le1LjQMEhwsgc7,68.252.200.156
852,Eloise,Wallicker,ewallickernn@china.com.cn,1BiD5X7vqeaTQpecC6XRRyJVqJQi497F8n,51.202.55.233
853,Gawain,Malimoe,gmalimoeno@webs.com,14MSgM9LDYCnd1wRJdjThKTH9eS4TcsELV,74.216.83.115
854,Floyd,Luberti,flubertinp@wikipedia.org,13vakgx5fEELykb7NkVTPwgebQG4cGLc8f,150.51.210.13
855,Nikolaus,Peaple,npeaplenq@exblog.jp,17N6rpSrLS292TbDsehWEYXpyZaXctUqr9,128.244.14.251
856,Devlen,Southcombe,dsouthcombenr@google.com,1AtHvzV76Y6gEdpA3DSWQQnSRhryaC6fXh,132.231.103.172
857,Marrilee,Dowsing,mdowsingns@over-blog.com,1Nnr8WCqX8xXDdSqs7k7zTMzUJZDDU9kgs,15.135.97.49
858,Darla,Bate,dbatent@gravatar.com,1AxSyGfE3SLkRCB6CLceJmJQp9mE8psaLc,103.172.37.169
859,Timmi,Winchcomb,twinchcombnu@pinterest.com,14d9Q7R2wcAn2ggpMyHVy5uNgRaAeLSjax,237.247.163.235
860,L;urette,Hamelyn,lhamelynnv@redcross.org,1G8r7qnjCWUu81Y1dpNmj8Er67FbkSvWpb,22.12.121.227
861,Ax,Pilger,apilgernw@techcrunch.com,18MUNAh6zygEdX8PkftPeBWkkm8k7SkwUA,240.207.92.43
862,Susannah,Wasielewski,swasielewskinx@berkeley.edu,1KeZvq9HXfyGpa9Sjw54DnMoEpTCLSaonK,229.24.147.178
863,Phylis,Basset,pbassetny@nydailynews.com,1AaYTswmzxJ5rTqC4Z8CyzuCF6e9eGcVZB,102.105.55.3
864,Sollie,Thunnerclef,sthunnerclefnz@linkedin.com,1N1rUKj4UZxVduYRuhWmba4uvrGGkFn1gs,142.161.104.120
865,Rogers,Pocke,rpockeo0@comcast.net,1NM59Y9VVmqiRdfvQjdntLaMeRKcgrter2,123.223.85.140
866,Carmen,Abrahamsen,cabrahamseno1@altervista.org,1kDcqtaDUPZ3C5G7iYiiZkpzTaJtk8jUT,214.15.102.3
867,Emmy,Dominighi,edominighio2@wordpress.com,1NLPTdpDx1xBt6h2mpEgZCMQ1rqMTJXgws,239.15.215.87
868,Sapphira,Bhar,sbharo3@tumblr.com,1DL9KJj91KdZNMiMoqjTyEgafjkwZpWzLw,237.153.162.194
869,Wallie,Stockford,wstockfordo4@mapquest.com,17rZBuKs9oHdto5yjecSJgbtkcVbun13Dy,117.30.125.190
870,Pennie,Crevagh,pcrevagho5@businessinsider.com,1B9TS8L7srGrHGznY6ZVLaQvDiRZNZmGhg,72.246.221.69
871,Case,Swancock,cswancocko6@oakley.com,1958gmS2votTHxxNjDBQwuhvxEN6GdjGyL,110.35.208.29
872,Malorie,Walesa,mwalesao7@home.pl,1C9mtSeJasJmZ1AYPJ8NYzmL16sWZMvrFp,247.38.4.50
873,Lyndsie,Hune,lhuneo8@plala.or.jp,1EChSWwfqFk7eKzyAmjatLaaRn1b2z7vhM,240.140.244.182
874,Kari,Simanenko,ksimanenkoo9@usnews.com,1JHnpKBN3jhohNoGxPcGqn2Vmv9oXjPR9W,122.57.37.192
875,Audrye,Shiel,ashieloa@unicef.org,1Hje1FLbVtcsNeo8k5Rf6De77sTsgeHX6T,188.16.218.229
876,Alec,Deakins,adeakinsob@dailymotion.com,17hMoqb75du2eMhbCDFVybhN195i38Rf4w,31.23.50.211
877,Saree,Bromley,sbromleyoc@cnbc.com,1PQFBB3C6jDUCGPAvSWAKvBzkHSBHjgQGT,172.197.240.150
878,Nicoli,Worboys,nworboysod@pinterest.com,1DVUgx7GPbcJ6QEgMjHMdrkhbWpceqR66d,31.189.230.46
879,Deny,Mizen,dmizenoe@comsenz.com,1BypnqW145MvwRq1nCo4Y6ePZiXTo1usDw,222.173.218.144
880,Babb,Gale,bgaleof@chronoengine.com,1DbhtaQXFHoLDj4vcwsTWGtFcFW5Qtx8Xi,161.225.89.12
881,Dniren,Unsworth,dunsworthog@blogtalkradio.com,17fN7Z8EaoZEX5rUeek2YQXnjdMiFqCUin,127.197.35.230
882,Gratiana,Gannicott,ggannicottoh@ebay.com,1LJKBBj2XSq3AWnaqf5LgHyRsjPqfCM9ub,115.57.233.235
883,Eleonore,Molfino,emolfinooi@nytimes.com,13X2N85xbxKfYyuy49inJ7W6iy12TSg6rj,34.13.36.27
884,Pennie,Dunk,pdunkoj@answers.com,13QkmqsiLdkmgqNxLaRQ91bW2qbgegmHeK,194.151.124.81
885,Beaufort,Barrable,bbarrableok@issuu.com,1HaYJonMUg8ut1uvaw1s54Fok77ueTbHiX,99.105.2.199
886,Creighton,Kolczynski,ckolczynskiol@addthis.com,1MqWucHCXVoYyKPehQLSTheR4zekHQ9Rg,44.121.66.177
887,Phelia,Lanktree,planktreeom@newyorker.com,1BctJ7WTTueyuNZSCz7Gp2CrC9zs2hZi9o,211.241.242.73
888,Chandra,Kelloway,ckellowayon@nyu.edu,1KARs62H4qJjjaxtMdnyn2sEaKKNdMwEp2,50.42.198.191
889,Mona,Brood,mbroodoo@cnet.com,1HaWsMS4GyH54UP6C6h3C3LiLaco2nfKG4,18.119.185.18
890,Portie,Haxley,phaxleyop@amazonaws.com,15wQyiVZvwXeCyKuZ3tNfUP6jHbUxfR8Md,252.48.197.61
891,Abdul,Eckh,aeckhoq@umich.edu,1HQFRH8GvGkR9EM7c6TDNSV9VmaNqDjvUm,230.237.168.32
892,Nikolaus,Kobke,nkobkeor@naver.com,145mcuJDT1drSXfUFMH92ifMWHLymwPQrZ,82.16.124.234
893,Kris,Mauchlen,kmauchlenos@networksolutions.com,1jBPzvbeu5dERK96A9EXw52cBeRK2t99W,126.94.164.95
894,Hobart,Hutt,hhuttot@bizjournals.com,17W78Xxamtpwmw66DCSCJQExyWRf8SnMVV,187.114.69.97
895,Herb,Legonidec,hlegonidecou@wunderground.com,1G6erbNCmdgYYKKhTgxZf8zY2fuuovEJ82,231.151.24.56
896,Frasquito,Pigot,fpigotov@tinypic.com,13cAjdh2TdKX7gtHtx6cruQfMELfRqNTw4,0.64.166.177
897,Chery,Le Gallo,clegalloow@constantcontact.com,19DShB14iEzBmrvf5t7iZdYK6c6sGJeWp5,116.170.76.216
898,Elene,Heindrich,eheindrichox@springer.com,1HQQE5p68dhARG8R8PTQibTh2ahi6dk2T8,67.88.70.39
899,Vivienne,Turford,vturfordoy@wikia.com,15CAZMjfcazVgPYNmQbLgMicpuaHaS7qvd,96.173.47.147
900,Niki,Stockley,nstockleyoz@amazon.de,1CFdLxk7cxRqUP5ysU87rxsJht3efm8DQ6,191.135.90.241
901,Edsel,Curle,ecurlep0@amazonaws.com,19pMbgg37Ve49wjru7WTfzo4NDcfEFM62o,132.227.109.174
902,Vikki,Satterley,vsatterleyp1@mapquest.com,121i4vf56Sbo3Q1vR7s95bpdCfNwNR4ru2,99.180.148.147
903,Jeth,Cloney,jcloneyp2@sogou.com,1N1WH4xR86XXC15upaMhbNs8L5tN5GQoFG,124.6.89.189
904,Drew,Le Marchant,dlemarchantp3@bbb.org,19gWtUK2nSuE1MSzgoQ82S1vdU8QGdqz2J,245.53.236.93
905,Dena,Carroll,dcarrollp4@mit.edu,188Gx7svtVtCqTHDgF7VZra98keTz4G4UK,39.53.106.119
906,Howey,Caley,hcaleyp5@themeforest.net,1HQoC7kDQQQkHFH3mXNLVikfkiQF7mqPNk,227.121.161.196
907,Regen,Bawcock,rbawcockp6@dailymotion.com,1758mJ3Zxje5yuVWjaSk4Yi13k1FNri3Sb,167.70.161.212
908,Pia,Simnell,psimnellp7@free.fr,1GVF59he5xTNKuDnbkzd7zomdKj8yTcU94,213.190.147.50
909,Catharine,Reeken,creekenp8@techcrunch.com,1PhxNVv5xdaiovURaWQ9AyeMEhaDQsAehg,104.241.110.169
910,Beryl,Lockier,blockierp9@go.com,1FC8ipn42EfipqnJvGyt3H9WKZCYW3DP93,254.154.54.82
911,Jamill,Benson,jbensonpa@etsy.com,1PzLSPoKabZGGkpfzSZCSbdV4BFi7bF649,55.108.224.43
912,Sophia,Marcinkus,smarcinkuspb@ox.ac.uk,1616Jiu85Yq6ciipxf4ZTVrY7WFfoFBqH9,171.173.163.208
913,Kimberlee,Abeau,kabeaupc@tinyurl.com,1JkE66Fm3z7X1GN47os2sfB8jivSwApxmL,246.10.156.47
914,Ninetta,Guittet,nguittetpd@paginegialle.it,18RETW4soiGokA4oJ4jjJzXUMZT1P35o2K,44.223.164.75
915,Gran,Pecht,gpechtpe@1und1.de,1Bz1u9jHHEsMTQ8gtwFojV1tTTksneP6gL,177.254.3.17
916,Tasha,Corroyer,tcorroyerpf@hexun.com,171SGtmMpvy9Tv2kKUhQNBxgeNrmgwMK1K,84.112.187.206
917,Vally,Schorah,vschorahpg@yandex.ru,19JJZ1znN7e2ZnVwoqqrRYX3fNaf2tDuRi,126.178.167.248
918,Cesaro,Fadell,cfadellph@ning.com,1KTuEN3fJqiC7hhNTopXfbmEpQXoeWcHmr,200.97.113.234
919,Brynn,Brickham,bbrickhampi@aboutads.info,16ZBmTj97SottvcH3B8vtFS2hDJFujJ8eW,224.203.94.163
920,Temp,MacSorley,tmacsorleypj@issuu.com,17KMAGEY38uw4FRoxaaNRdgqrPYi5Tr8EZ,15.48.120.240
921,Travus,Grabeham,tgrabehampk@imdb.com,14HVw5UncoQdURRJT6SzQQGYUYp3eVJ6rV,27.253.55.54
922,Conni,Acres,cacrespl@google.fr,16TKNGbwvF8HBpf5owjKAwnFBwnvYyTZtx,204.41.197.159
923,Bartlet,Rustan,brustanpm@samsung.com,1K35NoCkp5KnUDfz52RzV9Z4DDbsGVEaWa,23.123.220.75
924,Corliss,Dundendale,cdundendalepn@accuweather.com,1PKScdiukgZsQFSWvjU2JauzXCF7wJPHvj,80.57.166.222
925,Joshia,Spurett,jspurettpo@zimbio.com,18b3YJP4uURdXBGNhbWAoM3f4fCwUqHU19,100.149.178.118
926,Raoul,Janks,rjankspp@abc.net.au,1Kf7Bqt5AZvaqgLCXKykjVmCVafzW9afEb,89.9.92.158
927,Antons,Swynley,aswynleypq@gnu.org,1JVtyY8YKLx14rRyYZyLLmpTiecjHhvNbG,145.91.109.215
928,Ailey,Infantino,ainfantinopr@timesonline.co.uk,1A3QRBCV8kxgmux796DZBD1rddJRqZc2eo,128.132.167.213
929,Ludvig,Haycraft,lhaycraftps@unesco.org,1GhghdapyFX2tPSxxxusZo18hP3RMT2Jjw,69.147.146.177
930,Donia,Gohn,dgohnpt@spiegel.de,1MzVLELgP53gTKCrzgTcBmKtcMF3kSkspe,123.104.32.140
931,Paulie,Hoult,phoultpu@goodreads.com,1FJFSXDLaJzm8ofLSmJQ4nt3thjGBeVrxF,141.115.69.49
932,Rollo,Avo,ravopv@google.com,1LrmNbc9RQnJBitdcdvVqUoHedCBRha5CP,10.55.60.217
933,Gayle,Gookey,ggookeypw@soundcloud.com,1bKWSpCUdfHtePsn83YiG45etPGY4GaXw,45.213.224.207
934,Benson,Sinnie,bsinniepx@vkontakte.ru,19SYS7aU7a4LR61N9mbxSp45tnLGJQ46SR,11.54.81.118
935,Kasper,Donohue,kdonohuepy@barnesandnoble.com,1KWEnpPKV2MQjbn1nqLYjuAhqwMKzukWNi,81.107.46.75
936,Dick,Daniels,ddanielspz@walmart.com,13bWnMiSbBaxUHKodbuziLossxnKetx9zf,246.149.157.56
937,Ethelin,Hopfner,ehopfnerq0@freewebs.com,1D6Lkhgu8xHBjB5XkxKDREq8LPBmF8TcZ8,190.20.140.1
938,Flem,Canacott,fcanacottq1@google.it,1FHH3qY7jaSGiLpqjVPzdZ1aG3KgwWbG5o,244.110.19.130
939,Damaris,McQuillan,dmcquillanq2@opensource.org,1Mzr4HMP2SqRVqZrJsaHxgLK2BMxsN8ac7,193.15.182.168
940,Alysa,Bredes,abredesq3@reuters.com,1HayxAfn76UUwSkYuZAxCihahTW3mygUfc,221.109.219.67
941,Marys,Agron,magronq4@bloglines.com,1EC4ZSEmHxsDt4n7EJPTbhNdhHJLEP7dgG,185.222.139.236
942,Hersch,Schanke,hschankeq5@amazon.co.uk,17tivhX56hDm4Zg6au6WgE6PR1DtN1S9Hg,102.2.123.27
943,Delila,Balfe,dbalfeq6@forbes.com,1EesgqNf5pCwhLDGXZLWFTRjnDSavi6SaG,50.64.128.139
944,Benjamin,Daniel,bdanielq7@ycombinator.com,15KV3PdUba4n5KA7bCz4dF26cqjwaooiGq,63.186.37.248
945,Woody,Petyakov,wpetyakovq8@vk.com,1N78XhJ6H9Vh4irvaECXmVE2rWYs9NRNUh,174.110.254.135
946,Myrah,Jados,mjadosq9@umich.edu,1HmAhWqDAQya7UHQtC9YaqGDxwcAzgEqrz,121.51.215.0
947,Devan,Gouge,dgougeqa@nba.com,1PpXX64o5gWTa1mkjRTVd66rbs6sWseehs,230.177.174.69
948,Yetta,Jewks,yjewksqb@shareasale.com,16cNwntzHRG5Qo9Gh9Ppn6y7uiAwAhcfNJ,255.18.204.82
949,Bord,Bertomier,bbertomierqc@netlog.com,15mAy6BNQLoPcYdaSpqHQCT5FMKTcSeGHt,50.63.118.204
950,Isobel,MacKeogh,imackeoghqd@fotki.com,1LQh59S4fQ5ioZu7TaHyW9SdVrNMKUPztV,58.150.146.68
951,Herman,Vigors,hvigorsqe@dion.ne.jp,1QAgKMQYL6GNxkk9oYk1gfnRLo5zjN9zf,185.174.82.185
952,Adamo,Everard,aeverardqf@state.gov,1wSbmrTTXJJVJRrS4YHQ6RFZLMwrTHxex,142.114.255.204
953,Neddy,Sandbach,nsandbachqg@yelp.com,18MB6aEcfcyHHmYxaatzFZeqJP2KWEZan7,127.189.54.211
954,Xerxes,Fairhead,xfairheadqh@nytimes.com,18R4SAne3ioG4ug9QyoqfMWtLQ7ctYM4S,94.7.152.145
955,Chico,Beardon,cbeardonqi@amazonaws.com,1GYJnRvJFr5t5qv5kVCe9CWnFXDWajTqW2,94.182.214.154
956,Alma,Dorset,adorsetqj@dot.gov,14j1zh3jxWVN3JoQT9ZgUivFNFmeGkEo1p,245.233.16.135
957,Della,Ferneley,dferneleyqk@mysql.com,14e8YFF95Udrfy22J6GX8kw1TsKLDsyjSh,175.135.244.208
958,Laryssa,Sutheran,lsutheranql@desdev.cn,1GibukYFpShAXES6WEgJUCzakkSvEG8CS7,169.211.114.129
959,Farrell,Pennino,fpenninoqm@wufoo.com,1FQjMVmeMPo5aeaSe29r5Km21HjA25pouk,254.9.133.161
960,Henderson,McCaughey,hmccaugheyqn@ftc.gov,1gxJmgjgaanExR481rT8KdQFREyFXreHy,142.92.130.167
961,Stevana,Goggan,sgogganqo@senate.gov,1DWr1V1X9vpfVBAfb3RWeivuRY4N27a1MX,250.169.0.208
962,Kriste,Amor,kamorqp@printfriendly.com,1DN8qPWtLuUrchdc5x321iodDy7tz46sYg,37.98.120.115
963,Gretna,Scholtz,gscholtzqq@baidu.com,1NhLnsUhiWtKmt8G9Zv21chxeaaoGbwBuZ,14.32.94.141
964,Sharline,Porson,sporsonqr@nationalgeographic.com,12QmfxiG2N93BpMPHfxV7yTqJVm51TWaEZ,225.161.114.100
965,Vaughn,Cabane,vcabaneqs@vimeo.com,1JvfsB5EwP7uHYGh7LbBZSUDDNt1Uvqzsj,86.152.100.73
966,Avis,Parradye,aparradyeqt@techcrunch.com,1DT3E7VdYmpaqi2uNG2qBFj8F8oZHHEqdA,97.31.35.124
967,Annabel,Girth,agirthqu@booking.com,15HbPmqG2E3EJN5Hg7YJQ4Ux17iPEKif5R,213.181.11.201
968,Randi,Corran,rcorranqv@businessweek.com,17vJ3K4JnCPs99JWqZWPADFUcLHd7VRt4v,39.141.139.84
969,Petrina,Plewes,pplewesqw@sina.com.cn,1HtRXF6LnRCq6MTRSpc3q3WbNcAejh35JA,172.79.15.64
970,Carolyne,Doerren,cdoerrenqx@redcross.org,1iSJhGRifFXxJ4bSv74TE42kdjwfAH34o,48.172.11.220
971,Elijah,Blackham,eblackhamqy@t.co,1FigMZMheYTn2CDtPru65rwDNVfVimi4ky,76.220.140.179
972,Pauli,Given,pgivenqz@google.com.hk,19CvZSB5GZjTzMnox6TFG8iXw3Lkopy1FJ,161.240.131.68
973,Derwin,Perkinson,dperkinsonr0@yale.edu,1AsjMgupYKrs2crfePcf5K6i2qZ76U6XE2,215.87.57.194
974,Cherry,Harm,charmr1@wufoo.com,15mzjdHXBYasPEXsnXJW9BLYtQsnptBWsy,247.239.179.28
975,Serge,Ibarra,sibarrar2@ca.gov,1Mjg1S6TkzWcMsJKVURyaqhoJK7WgqiM1s,21.232.143.128
976,Sayre,Vaulkhard,svaulkhardr3@gmpg.org,1FMx8NHybzyJsicFSPK4CJ1QiStGJ9U2ZS,5.23.120.224
977,Lacie,Ceeley,lceeleyr4@abc.net.au,14e1oME9eBgiipJHa6gspaVSTfMbMT4ELi,27.218.71.202
978,Riane,Goforth,rgoforthr5@webnode.com,15wgSCgdnBFjW9RE8j7NDbE4Y9kKwLN2U3,192.80.134.224
979,Vally,Yakebovich,vyakebovichr6@illinois.edu,18PNR6r9ftJwDhf6nVvsG6cKBs3tqoUE3U,53.5.108.147
980,Myrtia,Pickthorn,mpickthornr7@surveymonkey.com,18gimuCsXYDj6tFbdRG721RgNsg5ciyb1F,93.219.184.11
981,Leonerd,Test,ltestr8@51.la,1BfF8LNoc45Yg2q26ja2YbJufd7irsgsE5,230.111.148.12
982,Jaine,Castanos,jcastanosr9@harvard.edu,1EhFM9sVGoRum2SKfyiDwCXMksaJ5JgLFn,79.86.224.236
983,Lolly,Sessuns,lsessunsra@fc2.com,13VUgbFsRBKxa1DUf48q3vwkf6vPvMD3ba,45.54.161.220
984,Neely,Shepheard,nshepheardrb@qq.com,1LGC8AwHernE7qzTGbJUDmt3hazxHpHeE4,193.7.162.179
985,Daniel,Crackel,dcrackelrc@wiley.com,1BSQr11h1zBmJyyWYAC9Q6vLoijy7Fmnig,4.181.152.188
986,Klarrisa,Kops,kkopsrd@upenn.edu,1FBCXdqeJPANJR1DQ9VVecJajJXSXbcPFE,58.222.190.136
987,Minnaminnie,Oman,momanre@xrea.com,1KARawvVurveYXxsLjA9bDasrr5cqfL55u,17.39.190.200
988,Sigfried,Lidgett,slidgettrf@discuz.net,1PXQBwYtgJ55YGCN96kQYKaYZuQX3y78uz,238.32.19.147
989,Milena,Cunnane,mcunnanerg@ning.com,14978WrkyAszrrAAi2WeXn6tZEcdAEKhyZ,16.187.230.150
990,Kellby,Fairpool,kfairpoolrh@google.it,1S8XUnmk8FaxrvVw2iB9K9YoaJYTkn8VB,160.25.63.12
991,Rickard,Gasticke,rgastickeri@unc.edu,14Qja9fuYgRoSfCjvpVPYjU9AQ8quu4ppb,7.158.213.242
992,Trix,Hubber,thubberrj@feedburner.com,1GBDx5sW5GCEHRnSfmSQMBem8WZKwFJzQH,226.165.237.66
993,Yoshiko,Greenard,ygreenardrk@prnewswire.com,18DvhQehUTfLLrbuCDEvLjp68ZdTHztcky,202.48.105.36
994,Drucy,Itzkovich,ditzkovichrl@sciencedirect.com,1NqBjBmdLArkB2SxyEWpJd52kWMdxxtcCq,26.129.232.138
995,Gabriel,Weaving,gweavingrm@barnesandnoble.com,19G7edW4SoFFTt8fN41ntxFPtcqPvkekSP,64.96.244.244
996,Antonio,Dougliss,adouglissrn@cpanel.net,13KsCj6rC5ACzfg9mW6euhRLWwR3k7NiF7,62.181.162.54
997,Maryl,McKeggie,mmckeggiero@cnet.com,1JjZedVB1JykkH283hkLpB1M4NRBvZf2VU,219.204.130.234
998,Lyda,Pringley,lpringleyrp@163.com,1HQVKwYQLt8Drbt8VD9rLBkrCzFBYrkLmZ,211.6.150.208
999,Esme,Annis,eannisrq@ehow.com,1N4nRYvXgWVj8PhXTXgTGWBai89QcCbbqN,187.64.157.66
1000,Maurene,Dmitriev,mdmitrievrr@weather.com,1MyTUSkr2uaUNgMc1Eur71DVCxmXdt11u8,115.155.226.110
